Trade #,Type,Date/Time,Signal,Price USD,Position size (qty),Position size (value),Net P&L USD,Net P&L %,Run-up USD,Run-up %,Drawdown USD,Drawdown %,Cumulative P&L USD,Cumulative P&L %
1,Exit long,1998-07-22,Close entry(s) order LongDip,1867.5,1,1893.25,-1291.5,-1.36,198,0.21,-1352,-1.43,-1291.5,-12.91
1,Entry long,1998-07-20,LongDip,1893.25,1,1893.25,-1291.5,-1.36,198,0.21,-1352,-1.43,-1291.5,-12.91
2,Exit long,1998-08-03,Close entry(s) order LongDip,1794,1,1856,-3104,-3.34,735.5,0.79,-3114.5,-3.36,-4395.5,-43.95
2,Entry long,1998-07-27,LongDip,1856,1,1856,-3104,-3.34,735.5,0.79,-3114.5,-3.36,-4395.5,-43.95
3,Exit long,1998-08-18,Close entry(s) order LongDip,1822.75,1,1791.5,1558.5,1.74,2085.5,2.33,-1164.5,-1.30,-2837,-28.37
3,Entry long,1998-08-10,LongDip,1791.5,1,1791.5,1558.5,1.74,2085.5,2.33,-1164.5,-1.30,-2837,-28.37
4,Exit long,1998-08-26,Close entry(s) order LongDip,1756,1,1815,-2954,-3.26,810.5,0.89,-3039.5,-3.35,-5791,-57.91
4,Entry long,1998-08-19,LongDip,1815,1,1815,-2954,-3.26,810.5,0.89,-3039.5,-3.35,-5791,-57.91
5,Exit long,1998-11-16,Close entry(s) order LongDip,1853.25,1,1846.75,321,0.35,1035.5,1.12,-927,-1.00,-5470,-54.70
5,Entry long,1998-11-08,LongDip,1846.75,1,1846.75,321,0.35,1035.5,1.12,-927,-1.00,-5470,-54.70
6,Exit long,1998-12-07,Close entry(s) order LongDip,1891.25,1,1872.75,921,0.98,1635.5,1.75,-664.5,-0.71,-4549,-45.49
6,Entry long,1998-11-29,LongDip,1872.75,1,1872.75,921,0.98,1635.5,1.75,-664.5,-0.71,-4549,-45.49
7,Exit long,1998-12-17,Close entry(s) order LongDip,1895,1,1876.75,908.5,0.97,1160.5,1.24,-1564.5,-1.67,-3640.5,-36.40
7,Entry long,1998-12-09,LongDip,1876.75,1,1876.75,908.5,0.97,1160.5,1.24,-1564.5,-1.67,-3640.5,-36.40
8,Exit long,1999-01-07,Close entry(s) order LongDip,1985.75,1,1940.25,2271,2.34,2435.5,2.51,-789.5,-0.81,-1369.5,-13.69
8,Entry long,1998-12-29,LongDip,1940.25,1,1940.25,2271,2.34,2435.5,2.51,-789.5,-0.81,-1369.5,-13.69
9,Exit long,1999-01-12,Close entry(s) order LongDip,1938,1,1972,-1704,-1.73,0,0.00,-1727,-1.75,-3073.5,-30.73
9,Entry long,1999-01-10,LongDip,1972,1,1972,-1704,-1.73,0,0.00,-1727,-1.75,-3073.5,-30.73
10,Exit long,1999-01-24,Close entry(s) order LongDip,1941.25,1,1917.75,1171,1.22,2385.5,2.49,-814.5,-0.85,-1902.5,-19.02
10,Entry long,1999-01-13,LongDip,1917.75,1,1917.75,1171,1.22,2385.5,2.49,-814.5,-0.85,-1902.5,-19.02
11,Exit long,1999-02-03,Close entry(s) order LongDip,1955.25,1,1952.5,133.5,0.14,1698,1.74,-14.5,-0.01,-1769,-17.69
11,Entry long,1999-01-26,LongDip,1952.5,1,1952.5,133.5,0.14,1698,1.74,-14.5,-0.01,-1769,-17.69
12,Exit long,1999-02-15,Close entry(s) order LongDip,1937.75,1,1942,-216.5,-0.22,1098,1.13,-1327,-1.37,-1985.5,-19.85
12,Entry long,1999-02-04,LongDip,1942,1,1942,-216.5,-0.22,1098,1.13,-1327,-1.37,-1985.5,-19.85
13,Exit long,1999-02-24,Close entry(s) order LongDip,1939.25,1,1927.25,596,0.62,2335.5,2.42,-14.5,-0.02,-1389.5,-13.89
13,Entry long,1999-02-16,LongDip,1927.25,1,1927.25,596,0.62,2335.5,2.42,-14.5,-0.02,-1389.5,-13.89
14,Exit long,1999-03-09,Close entry(s) order LongDip,1986.75,1,1926.25,3021,3.14,3085.5,3.20,-14.5,-0.02,1631.5,16.31
14,Entry long,1999-03-01,LongDip,1926.25,1,1926.25,3021,3.14,3085.5,3.20,-14.5,-0.02,1631.5,16.31
15,Exit long,1999-03-21,Close entry(s) order LongDip,1996.75,1,1989.5,358.5,0.36,1673,1.68,-127,-0.13,1990,19.90
15,Entry long,1999-03-11,LongDip,1989.5,1,1989.5,358.5,0.36,1673,1.68,-127,-0.13,1990,19.90
16,Exit long,1999-03-30,Close entry(s) order LongDip,1978.75,1,1957,1083.5,1.11,2623,2.68,-239.5,-0.24,3073.5,30.74
16,Entry long,1999-03-22,LongDip,1957,1,1957,1083.5,1.11,2623,2.68,-239.5,-0.24,3073.5,30.74
17,Exit long,1999-04-15,Close entry(s) order LongDip,2007.75,1,2043.25,-1779,-1.74,0,0.00,-2039.5,-2.00,1294.5,12.95
17,Entry long,1999-04-12,LongDip,2043.25,1,2043.25,-1779,-1.74,0,0.00,-2039.5,-2.00,1294.5,12.95
18,Exit long,1999-04-26,Close entry(s) order LongDip,2059.5,1,1985.5,3696,3.72,3810.5,3.84,-14.5,-0.01,4990.5,49.91
18,Entry long,1999-04-18,LongDip,1985.5,1,1985.5,3696,3.72,3810.5,3.84,-14.5,-0.01,4990.5,49.91
19,Exit long,1999-05-05,Close entry(s) order LongDip,2026.75,1,2042.75,-804,-0.79,135.5,0.13,-1952,-1.91,4186.5,41.87
19,Entry long,1999-04-27,LongDip,2042.75,1,2042.75,-804,-0.79,135.5,0.13,-1952,-1.91,4186.5,41.87
20,Exit long,1999-05-23,Close entry(s) order LongDip,1996.5,1,2024.5,-1404,-1.39,548,0.54,-1477,-1.46,2782.5,27.83
20,Entry long,1999-05-13,LongDip,2024.5,1,2024.5,-1404,-1.39,548,0.54,-1477,-1.46,2782.5,27.83
21,Exit long,1999-06-02,Close entry(s) order LongDip,1989.5,1,1970.5,946,0.96,1260.5,1.28,-377,-0.38,3728.5,37.29
21,Entry long,1999-05-24,LongDip,1970.5,1,1970.5,946,0.96,1260.5,1.28,-377,-0.38,3728.5,37.29
22,Exit long,1999-06-15,Close entry(s) order LongDip,2013.75,1,2005.5,408.5,0.41,635.5,0.63,-1614.5,-1.61,4137,41.37
22,Entry long,1999-06-07,LongDip,2005.5,1,2005.5,408.5,0.41,635.5,0.63,-1614.5,-1.61,4137,41.37
23,Exit long,1999-06-29,Close entry(s) order LongDip,2052.25,1,2021,1558.5,1.54,1823,1.80,-1552,-1.54,5695.5,56.96
23,Entry long,1999-06-21,LongDip,2021,1,2021,1558.5,1.54,1823,1.80,-1552,-1.54,5695.5,56.96
24,Exit long,1999-07-14,Close entry(s) order LongDip,2090.5,1,2071,971,0.94,1073,1.04,-214.5,-0.21,6666.5,66.66
24,Entry long,1999-07-06,LongDip,2071,1,2071,971,0.94,1073,1.04,-214.5,-0.21,6666.5,66.66
25,Exit long,1999-07-20,Close entry(s) order LongDip,2054.25,1,2085.25,-1554,-1.49,210.5,0.20,-1702,-1.63,5112.5,51.13
25,Entry long,1999-07-18,LongDip,2085.25,1,2085.25,-1554,-1.49,210.5,0.20,-1702,-1.63,5112.5,51.13
26,Exit long,1999-07-29,Close entry(s) order LongDip,2010.25,1,2039,-1441.5,-1.41,523,0.51,-1614.5,-1.58,3671,36.71
26,Entry long,1999-07-21,LongDip,2039,1,2039,-1441.5,-1.41,523,0.51,-1614.5,-1.58,3671,36.71
27,Exit long,1999-08-09,Close entry(s) order LongDip,1950.75,1,1997.5,-2341.5,-2.34,535.5,0.54,-2777,-2.78,1329.5,13.30
27,Entry long,1999-08-02,LongDip,1997.5,1,1997.5,-2341.5,-2.34,535.5,0.54,-2777,-2.78,1329.5,13.30
28,Exit long,1999-08-29,Close entry(s) order LongDip,1997,1,2039,-2104,-2.06,185.5,0.18,-2202,-2.16,-774.5,-7.74
28,Entry long,1999-08-25,LongDip,2039,1,2039,-2104,-2.06,185.5,0.18,-2202,-2.16,-774.5,-7.74
29,Exit long,1999-09-12,Close entry(s) order LongDip,2017.25,1,1991.25,1296,1.30,2260.5,2.27,-14.5,-0.01,521.5,5.22
29,Entry long,1999-09-01,LongDip,1991.25,1,1991.25,1296,1.30,2260.5,2.27,-14.5,-0.01,521.5,5.22
30,Exit long,1999-09-21,Close entry(s) order LongDip,1976.5,1,2008.75,-1616.5,-1.61,748,0.74,-2152,-2.14,-1095,-10.95
30,Entry long,1999-09-13,LongDip,2008.75,1,2008.75,-1616.5,-1.61,748,0.74,-2152,-2.14,-1095,-10.95
31,Exit long,1999-11-08,Close entry(s) order LongDip,2026.5,1,2018,421,0.42,1660.5,1.65,-527,-0.52,-674,-6.74
31,Entry long,1999-10-31,LongDip,2018,1,2018,421,0.42,1660.5,1.65,-527,-0.52,-674,-6.74
32,Exit long,1999-11-25,Close entry(s) order LongDip,2070,1,2073.5,-179,-0.17,685.5,0.66,-777,-0.75,-853,-8.53
32,Entry long,1999-11-16,LongDip,2073.5,1,2073.5,-179,-0.17,685.5,0.66,-777,-0.75,-853,-8.53
33,Exit long,1999-12-07,Close entry(s) order LongDip,2060.25,1,2047.5,633.5,0.62,3010.5,2.94,-289.5,-0.28,-219.5,-2.20
33,Entry long,1999-11-29,LongDip,2047.5,1,2047.5,633.5,0.62,3010.5,2.94,-289.5,-0.28,-219.5,-2.20
34,Exit long,1999-12-21,Close entry(s) order LongDip,2094,1,2061,1646,1.60,1660.5,1.61,-489.5,-0.48,1426.5,14.27
34,Entry long,1999-12-13,LongDip,2061,1,2061,1646,1.60,1660.5,1.61,-489.5,-0.48,1426.5,14.27
35,Exit long,2000-01-03,Close entry(s) order LongDip,2047.25,1,2103,-2791.5,-2.65,85.5,0.08,-2877,-2.74,-1365,-13.65
35,Entry long,2000-01-02,LongDip,2103,1,2103,-2791.5,-2.65,85.5,0.08,-2877,-2.74,-1365,-13.65
36,Exit long,2000-01-13,Close entry(s) order LongDip,2114.25,1,2041,3658.5,3.58,3998,3.92,-377,-0.37,2293.5,22.94
36,Entry long,2000-01-05,LongDip,2041,1,2041,3658.5,3.58,3998,3.92,-377,-0.37,2293.5,22.94
37,Exit long,2000-01-23,Close entry(s) order LongDip,2048.5,1,2105.5,-2854,-2.71,773,0.73,-3314.5,-3.15,-560.5,-5.60
37,Entry long,2000-01-17,LongDip,2105.5,1,2105.5,-2854,-2.71,773,0.73,-3314.5,-3.15,-560.5,-5.60
38,Exit long,2000-02-16,Close entry(s) order LongDip,2021.25,1,2054.75,-1679,-1.63,523,0.51,-1889.5,-1.84,-2239.5,-22.39
38,Entry long,2000-02-08,LongDip,2054.75,1,2054.75,-1679,-1.63,523,0.51,-1889.5,-1.84,-2239.5,-22.39
39,Exit long,2000-03-13,Close entry(s) order LongDip,1998.25,1,2031.25,-1654,-1.63,1023,1.01,-2339.5,-2.30,-3893.5,-38.93
39,Entry long,2000-03-05,LongDip,2031.25,1,2031.25,-1654,-1.63,1023,1.01,-2339.5,-2.30,-3893.5,-38.93
40,Exit long,2000-03-27,Close entry(s) order LongDip,2147,1,2096.25,2533.5,2.42,4798,4.58,-752,-0.72,-1360,-13.60
40,Entry long,2000-03-19,LongDip,2096.25,1,2096.25,2533.5,2.42,4798,4.58,-752,-0.72,-1360,-13.60
41,Exit long,2000-04-06,Close entry(s) order LongDip,2147.25,1,2122.75,1221,1.15,1998,1.88,-3689.5,-3.48,-139,-1.39
41,Entry long,2000-03-29,LongDip,2122.75,1,2122.75,1221,1.15,1998,1.88,-3689.5,-3.48,-139,-1.39
42,Exit long,2000-04-13,Close entry(s) order LongDip,1985.25,1,2094.25,-5454,-5.21,810.5,0.77,-6464.5,-6.17,-5593,-55.93
42,Entry long,2000-04-11,LongDip,2094.25,1,2094.25,-5454,-5.21,810.5,0.77,-6464.5,-6.17,-5593,-55.93
43,Exit long,2000-05-22,Close entry(s) order LongDip,2000.25,1,2075,-3741.5,-3.61,435.5,0.42,-4227,-4.07,-9334.5,-93.34
43,Entry long,2000-05-16,LongDip,2075,1,2075,-3741.5,-3.61,435.5,0.42,-4227,-4.07,-9334.5,-93.34
44,Exit long,2000-06-19,Close entry(s) order LongDip,2094.25,1,2065,1458.5,1.41,2248,2.18,-177,-0.17,-7876,-78.76
44,Entry long,2000-06-11,LongDip,2065,1,2065,1458.5,1.41,2248,2.18,-177,-0.17,-7876,-78.76
45,Exit long,2000-06-29,Close entry(s) order LongDip,2063.5,1,2072.25,-441.5,-0.43,573,0.55,-1277,-1.23,-8317.5,-83.17
45,Entry long,2000-06-21,LongDip,2072.25,1,2072.25,-441.5,-0.43,573,0.55,-1277,-1.23,-8317.5,-83.17
46,Exit long,2000-07-12,Close entry(s) order LongDip,2105,1,2059.25,2283.5,2.22,2660.5,2.58,-364.5,-0.35,-6034,-60.34
46,Entry long,2000-07-04,LongDip,2059.25,1,2059.25,2283.5,2.22,2660.5,2.58,-364.5,-0.35,-6034,-60.34
47,Exit long,2000-07-25,Close entry(s) order LongDip,2065.5,1,2107.5,-2104,-2.00,273,0.26,-2289.5,-2.17,-8138,-81.38
47,Entry long,2000-07-17,LongDip,2107.5,1,2107.5,-2104,-2.00,273,0.26,-2289.5,-2.17,-8138,-81.38
48,Exit long,2000-08-16,Close entry(s) order LongDip,2099,1,2077,1096,1.06,1285.5,1.24,-1039.5,-1.00,-7042,-70.42
48,Entry long,2000-08-08,LongDip,2077,1,2077,1096,1.06,1285.5,1.24,-1039.5,-1.00,-7042,-70.42
49,Exit long,2000-09-07,Close entry(s) order LongDip,2092.25,1,2099.5,-366.5,-0.35,2685.5,2.56,-639.5,-0.61,-7408.5,-74.09
49,Entry long,2000-08-29,LongDip,2099.5,1,2099.5,-366.5,-0.35,2685.5,2.56,-639.5,-0.61,-7408.5,-74.09
50,Exit long,2000-09-17,Close entry(s) order LongDip,2038.75,1,2076,-1866.5,-1.80,610.5,0.59,-2114.5,-2.04,-9275,-92.75
50,Entry long,2000-09-11,LongDip,2076,1,2076,-1866.5,-1.80,610.5,0.59,-2114.5,-2.04,-9275,-92.75
51,Exit long,2003-05-01,Close entry(s) order LongDip,1447.25,1,1430,858.5,1.20,1010.5,1.41,-739.5,-1.03,-8416.5,-84.16
51,Entry long,2003-04-23,LongDip,1430,1,1430,858.5,1.20,1010.5,1.41,-739.5,-1.03,-8416.5,-84.16
52,Exit long,2003-05-15,Close entry(s) order LongDip,1464,1,1440.75,1158.5,1.61,1448,2.01,-77,-0.11,-7258,-72.58
52,Entry long,2003-05-07,LongDip,1440.75,1,1440.75,1158.5,1.61,1448,2.01,-77,-0.11,-7258,-72.58
53,Exit long,2003-05-26,Close entry(s) order LongDip,1469.25,1,1442.75,1321,1.83,1523,2.11,-577,-0.80,-5937,-59.37
53,Entry long,2003-05-18,LongDip,1442.75,1,1442.75,1321,1.83,1523,2.11,-577,-0.80,-5937,-59.37
54,Exit long,2003-06-16,Close entry(s) order LongDip,1530.5,1,1497.25,1658.5,2.22,1985.5,2.65,-52,-0.07,-4278.5,-42.78
54,Entry long,2003-06-08,LongDip,1497.25,1,1497.25,1658.5,2.22,1985.5,2.65,-52,-0.07,-4278.5,-42.78
55,Exit long,2003-06-26,Close entry(s) order LongDip,1494.25,1,1515.25,-1054,-1.39,373,0.49,-1202,-1.59,-5332.5,-53.32
55,Entry long,2003-06-18,LongDip,1515.25,1,1515.25,-1054,-1.39,373,0.49,-1202,-1.59,-5332.5,-53.32
56,Exit long,2003-07-13,Close entry(s) order LongDip,1523.75,1,1504,983.5,1.31,1598,2.12,-39.5,-0.05,-4349,-43.49
56,Entry long,2003-07-02,LongDip,1504,1,1504,983.5,1.31,1598,2.12,-39.5,-0.05,-4349,-43.49
57,Exit long,2003-07-24,Close entry(s) order LongDip,1517.75,1,1502.25,771,1.03,860.5,1.15,-377,-0.50,-3578,-35.78
57,Entry long,2003-07-16,LongDip,1502.25,1,1502.25,771,1.03,860.5,1.15,-377,-0.50,-3578,-35.78
58,Exit long,2003-08-10,Close entry(s) order LongDip,1502.25,1,1501,58.5,0.08,260.5,0.35,-1077,-1.44,-3519.5,-35.19
58,Entry long,2003-07-31,LongDip,1501,1,1501,58.5,0.08,260.5,0.35,-1077,-1.44,-3519.5,-35.19
59,Exit long,2003-08-31,Close entry(s) order LongDip,1533,1,1514,946,1.25,985.5,1.30,-514.5,-0.68,-2573.5,-25.74
59,Entry long,2003-08-21,LongDip,1514,1,1514,946,1.25,985.5,1.30,-514.5,-0.68,-2573.5,-25.74
60,Exit long,2003-09-16,Close entry(s) order LongDip,1548.5,1,1545.5,146,0.19,373,0.48,-864.5,-1.12,-2427.5,-24.27
60,Entry long,2003-09-08,LongDip,1545.5,1,1545.5,146,0.19,373,0.48,-864.5,-1.12,-2427.5,-24.27
61,Exit long,2003-09-24,Close entry(s) order LongDip,1520.75,1,1544.75,-1204,-1.56,348,0.45,-1214.5,-1.57,-3631.5,-36.31
61,Entry long,2003-09-21,LongDip,1544.75,1,1544.75,-1204,-1.56,348,0.45,-1214.5,-1.57,-3631.5,-36.31
62,Exit long,2003-10-07,Close entry(s) order LongDip,1558,1,1517.5,2021,2.66,2273,3.00,-14.5,-0.02,-1610.5,-16.10
62,Entry long,2003-09-29,LongDip,1517.5,1,1517.5,2021,2.66,2273,3.00,-14.5,-0.02,-1610.5,-16.10
63,Exit long,2003-10-26,Close entry(s) order LongDip,1553.75,1,1561.25,-379,-0.49,573,0.73,-1089.5,-1.40,-1989.5,-19.89
63,Entry long,2003-10-16,LongDip,1561.25,1,1561.25,-379,-0.49,573,0.73,-1089.5,-1.40,-1989.5,-19.89
64,Exit long,2003-11-16,Close entry(s) order LongDip,1566.5,1,1574,-379,-0.48,673,0.86,-827,-1.05,-2368.5,-23.68
64,Entry long,2003-11-06,LongDip,1574,1,1574,-379,-0.48,673,0.86,-827,-1.05,-2368.5,-23.68
65,Exit long,2003-11-25,Close entry(s) order LongDip,1579.75,1,1556.25,1171,1.50,1273,1.64,-139.5,-0.18,-1197.5,-11.97
65,Entry long,2003-11-17,LongDip,1556.25,1,1556.25,1171,1.50,1273,1.64,-139.5,-0.18,-1197.5,-11.97
66,Exit long,2003-12-14,Close entry(s) order LongDip,1591.75,1,1585.75,296,0.37,1385.5,1.75,-477,-0.60,-901.5,-9.01
66,Entry long,2003-12-04,LongDip,1585.75,1,1585.75,296,0.37,1385.5,1.75,-477,-0.60,-901.5,-9.01
67,Exit long,2004-01-18,Close entry(s) order LongDip,1660.5,1,1644.75,783.5,0.95,1023,1.24,-327,-0.40,-118,-1.18
67,Entry long,2004-01-08,LongDip,1644.75,1,1644.75,783.5,0.95,1023,1.24,-327,-0.40,-118,-1.18
68,Exit long,2004-02-03,Close entry(s) order LongDip,1648.25,1,1667.25,-954,-1.14,260.5,0.31,-1102,-1.32,-1072,-10.72
68,Entry long,2004-01-26,LongDip,1667.25,1,1667.25,-954,-1.14,260.5,0.31,-1102,-1.32,-1072,-10.72
69,Exit long,2004-03-09,Close entry(s) order LongDip,1644.5,1,1668.75,-1216.5,-1.46,135.5,0.16,-1239.5,-1.49,-2288.5,-22.88
69,Entry long,2004-03-07,LongDip,1668.75,1,1668.75,-1216.5,-1.46,135.5,0.16,-1239.5,-1.49,-2288.5,-22.88
70,Exit long,2004-03-18,Close entry(s) order LongDip,1632.75,1,1630.25,121,0.15,1135.5,1.39,-177,-0.22,-2167.5,-21.67
70,Entry long,2004-03-10,LongDip,1630.25,1,1630.25,121,0.15,1135.5,1.39,-177,-0.22,-2167.5,-21.67
71,Exit long,2004-03-29,Close entry(s) order LongDip,1651.5,1,1619.25,1608.5,1.99,1660.5,2.05,-439.5,-0.54,-559,-5.59
71,Entry long,2004-03-21,LongDip,1619.25,1,1619.25,1608.5,1.99,1660.5,2.05,-439.5,-0.54,-559,-5.59
72,Exit long,2004-04-20,Close entry(s) order LongDip,1648,1,1654.25,-316.5,-0.38,498,0.60,-764.5,-0.92,-875.5,-8.76
72,Entry long,2004-04-12,LongDip,1654.25,1,1654.25,-316.5,-0.38,498,0.60,-764.5,-0.92,-875.5,-8.76
73,Exit long,2004-05-05,Close entry(s) order LongDip,1638.5,1,1649.5,-554,-0.67,210.5,0.26,-1002,-1.21,-1429.5,-14.29
73,Entry long,2004-04-27,LongDip,1649.5,1,1649.5,-554,-0.67,210.5,0.26,-1002,-1.21,-1429.5,-14.29
74,Exit long,2004-05-16,Close entry(s) order LongDip,1611,1,1621.5,-529,-0.65,335.5,0.41,-1027,-1.27,-1958.5,-19.58
74,Entry long,2004-05-06,LongDip,1621.5,1,1621.5,-529,-0.65,335.5,0.41,-1027,-1.27,-1958.5,-19.58
75,Exit long,2004-06-10,Close entry(s) order LongDip,1662,1,1641,1046,1.27,1385.5,1.69,-14.5,-0.02,-912.5,-9.12
75,Entry long,2004-06-02,LongDip,1641,1,1641,1046,1.27,1385.5,1.69,-14.5,-0.02,-912.5,-9.12
76,Exit long,2004-06-21,Close entry(s) order LongDip,1660.5,1,1651.5,446,0.54,685.5,0.83,-102,-0.12,-466.5,-4.66
76,Entry long,2004-06-13,LongDip,1651.5,1,1651.5,446,0.54,685.5,0.83,-102,-0.12,-466.5,-4.66
77,Exit long,2004-07-08,Close entry(s) order LongDip,1638.25,1,1652.25,-704,-0.85,148,0.18,-927,-1.12,-1170.5,-11.70
77,Entry long,2004-06-30,LongDip,1652.25,1,1652.25,-704,-0.85,148,0.18,-927,-1.12,-1170.5,-11.70
78,Exit long,2004-07-22,Close entry(s) order LongDip,1611,1,1629.5,-929,-1.14,610.5,0.75,-1077,-1.32,-2099.5,-20.99
78,Entry long,2004-07-14,LongDip,1629.5,1,1629.5,-929,-1.14,610.5,0.75,-1077,-1.32,-2099.5,-20.99
79,Exit long,2004-09-22,Close entry(s) order LongDip,1632.25,1,1646.25,-704,-0.86,573,0.70,-702,-0.85,-2803.5,-28.03
79,Entry long,2004-09-14,LongDip,1646.25,1,1646.25,-704,-0.86,573,0.70,-702,-0.85,-2803.5,-28.03
80,Exit long,2004-10-12,Close entry(s) order LongDip,1637.25,1,1657,-991.5,-1.20,210.5,0.25,-1114.5,-1.35,-3795,-37.95
80,Entry long,2004-10-06,LongDip,1657,1,1657,-991.5,-1.20,210.5,0.25,-1114.5,-1.35,-3795,-37.95
81,Exit long,2004-11-23,Close entry(s) order LongDip,1707,1,1703,196,0.23,598,0.70,-564.5,-0.66,-3599,-35.99
81,Entry long,2004-11-15,LongDip,1703,1,1703,196,0.23,598,0.70,-564.5,-0.66,-3599,-35.99
82,Exit long,2004-12-14,Close entry(s) order LongDip,1730,1,1703.25,1333.5,1.57,1460.5,1.71,-227,-0.27,-2265.5,-22.65
82,Entry long,2004-12-06,LongDip,1703.25,1,1703.25,1333.5,1.57,1460.5,1.71,-227,-0.27,-2265.5,-22.65
83,Exit long,2004-12-27,Close entry(s) order LongDip,1738.25,1,1721.5,833.5,0.97,923,1.07,-164.5,-0.19,-1432,-14.32
83,Entry long,2004-12-16,LongDip,1721.5,1,1721.5,833.5,0.97,923,1.07,-164.5,-0.19,-1432,-14.32
84,Exit long,2005-01-04,Close entry(s) order LongDip,1706,1,1729.5,-1179,-1.36,148,0.17,-1189.5,-1.38,-2611,-26.11
84,Entry long,2005-01-02,LongDip,1729.5,1,1729.5,-1179,-1.36,148,0.17,-1189.5,-1.38,-2611,-26.11
85,Exit long,2005-01-19,Close entry(s) order LongDip,1699.25,1,1707.25,-404,-0.47,673,0.79,-514.5,-0.60,-3015,-30.15
85,Entry long,2005-01-10,LongDip,1707.25,1,1707.25,-404,-0.47,673,0.79,-514.5,-0.60,-3015,-30.15
86,Exit long,2005-01-30,Close entry(s) order LongDip,1704.5,1,1691.75,633.5,0.75,710.5,0.84,-227,-0.27,-2381.5,-23.81
86,Entry long,2005-01-20,LongDip,1691.75,1,1691.75,633.5,0.75,710.5,0.84,-227,-0.27,-2381.5,-23.81
87,Exit long,2005-02-16,Close entry(s) order LongDip,1723.75,1,1716.25,371,0.43,1010.5,1.18,-77,-0.09,-2010.5,-20.10
87,Entry long,2005-02-08,LongDip,1716.25,1,1716.25,371,0.43,1010.5,1.18,-77,-0.09,-2010.5,-20.10
88,Exit long,2005-03-01,Close entry(s) order LongDip,1732.25,1,1708,1208.5,1.42,1598,1.87,-77,-0.09,-802,-8.02
88,Entry long,2005-02-21,LongDip,1708,1,1708,1208.5,1.42,1598,1.87,-77,-0.09,-802,-8.02
89,Exit long,2005-03-15,Close entry(s) order LongDip,1710.5,1,1730.25,-991.5,-1.15,335.5,0.39,-1102,-1.27,-1793.5,-17.94
89,Entry long,2005-03-08,LongDip,1730.25,1,1730.25,-991.5,-1.15,335.5,0.39,-1102,-1.27,-1793.5,-17.94
90,Exit long,2005-03-30,Close entry(s) order LongDip,1702.5,1,1693.25,458.5,0.54,685.5,0.81,-389.5,-0.46,-1335,-13.35
90,Entry long,2005-03-21,LongDip,1693.25,1,1693.25,458.5,0.54,685.5,0.81,-389.5,-0.46,-1335,-13.35
91,Exit long,2005-04-13,Close entry(s) order LongDip,1679,1,1702.5,-1179,-1.38,473,0.56,-1189.5,-1.40,-2514,-25.14
91,Entry long,2005-04-07,LongDip,1702.5,1,1702.5,-1179,-1.38,473,0.56,-1189.5,-1.40,-2514,-25.14
92,Exit long,2005-05-17,Close entry(s) order LongDip,1705.25,1,1685.25,996,1.18,1148,1.36,-989.5,-1.17,-1518,-15.18
92,Entry long,2005-05-09,LongDip,1685.25,1,1685.25,996,1.18,1148,1.36,-989.5,-1.17,-1518,-15.18
93,Exit long,2005-06-07,Close entry(s) order LongDip,1714.5,1,1711.25,158.5,0.19,860.5,1.01,-39.5,-0.05,-1359.5,-13.59
93,Entry long,2005-05-30,LongDip,1711.25,1,1711.25,158.5,0.19,860.5,1.01,-39.5,-0.05,-1359.5,-13.59
94,Exit long,2005-06-30,Close entry(s) order LongDip,1713.5,1,1718,-229,-0.27,223,0.26,-589.5,-0.69,-1588.5,-15.88
94,Entry long,2005-06-22,LongDip,1718,1,1718,-229,-0.27,223,0.26,-589.5,-0.69,-1588.5,-15.88
95,Exit long,2005-07-13,Close entry(s) order LongDip,1745.25,1,1712.5,1633.5,1.91,1935.5,2.26,-1402,-1.64,45,0.45
95,Entry long,2005-07-05,LongDip,1712.5,1,1712.5,1633.5,1.91,1935.5,2.26,-1402,-1.64,45,0.45
96,Exit long,2005-08-07,Close entry(s) order LongDip,1740.75,1,1750.75,-504,-0.58,573,0.65,-639.5,-0.73,-459,-4.59
96,Entry long,2005-07-28,LongDip,1750.75,1,1750.75,-504,-0.58,573,0.65,-639.5,-0.73,-459,-4.59
97,Exit long,2005-08-21,Close entry(s) order LongDip,1737.5,1,1745,-379,-0.43,385.5,0.44,-727,-0.83,-838,-8.38
97,Entry long,2005-08-11,LongDip,1745,1,1745,-379,-0.43,385.5,0.44,-727,-0.83,-838,-8.38
98,Exit long,2005-08-31,Close entry(s) order LongDip,1735.25,1,1724,558.5,0.65,923,1.07,-814.5,-0.94,-279.5,-2.79
98,Entry long,2005-08-23,LongDip,1724,1,1724,558.5,0.65,923,1.07,-814.5,-0.94,-279.5,-2.79
99,Exit long,2005-09-20,Close entry(s) order LongDip,1723.25,1,1746.75,-1179,-1.35,273,0.31,-1252,-1.43,-1458.5,-14.58
99,Entry long,2005-09-12,LongDip,1746.75,1,1746.75,-1179,-1.35,273,0.31,-1252,-1.43,-1458.5,-14.58
100,Exit long,2005-10-05,Close entry(s) order LongDip,1704.25,1,1724.5,-1016.5,-1.18,73,0.08,-1564.5,-1.81,-2475,-24.75
100,Entry long,2005-10-03,LongDip,1724.5,1,1724.5,-1016.5,-1.18,73,0.08,-1564.5,-1.81,-2475,-24.75
101,Exit long,2005-12-05,Close entry(s) order LongDip,1772.75,1,1768.75,196,0.22,660.5,0.75,-539.5,-0.61,-2279,-22.79
101,Entry long,2005-11-27,LongDip,1768.75,1,1768.75,196,0.22,660.5,0.75,-539.5,-0.61,-2279,-22.79
102,Exit long,2005-12-14,Close entry(s) order LongDip,1776.75,1,1765.75,546,0.62,923,1.05,-352,-0.40,-1733,-17.33
102,Entry long,2005-12-06,LongDip,1765.75,1,1765.75,546,0.62,923,1.05,-352,-0.40,-1733,-17.33
103,Exit long,2006-01-04,Close entry(s) order LongDip,1780.25,1,1763.5,833.5,0.95,948,1.08,-652,-0.74,-899.5,-9.00
103,Entry long,2005-12-26,LongDip,1763.5,1,1763.5,833.5,0.95,948,1.08,-652,-0.74,-899.5,-9.00
104,Exit long,2006-01-29,Close entry(s) order LongDip,1787.5,1,1764.25,1158.5,1.31,1335.5,1.51,-139.5,-0.16,259,2.59
104,Entry long,2006-01-19,LongDip,1764.25,1,1764.25,1158.5,1.31,1335.5,1.51,-139.5,-0.16,259,2.59
105,Exit long,2006-02-09,Close entry(s) order LongDip,1767.25,1,1771.5,-216.5,-0.24,273,0.31,-827,-0.93,42.5,0.43
105,Entry long,2006-02-01,LongDip,1771.5,1,1771.5,-216.5,-0.24,273,0.31,-827,-0.93,42.5,0.43
106,Exit long,2006-03-07,Close entry(s) order LongDip,1778.5,1,1782,-179,-0.20,810.5,0.91,-702,-0.79,-136.5,-1.36
106,Entry long,2006-02-27,LongDip,1782,1,1782,-179,-0.20,810.5,0.91,-702,-0.79,-136.5,-1.36
107,Exit long,2006-03-16,Close entry(s) order LongDip,1806.25,1,1771.5,1733.5,1.96,1948,2.20,-77,-0.09,1597,15.97
107,Entry long,2006-03-08,LongDip,1771.5,1,1771.5,1733.5,1.96,1948,2.20,-77,-0.09,1597,15.97
108,Exit long,2006-03-28,Close entry(s) order LongDip,1798.75,1,1796.75,96,0.11,423,0.47,-377,-0.42,1693,16.93
108,Entry long,2006-03-20,LongDip,1796.75,1,1796.75,96,0.11,423,0.47,-377,-0.42,1693,16.93
109,Exit long,2006-04-17,Close entry(s) order LongDip,1802.25,1,1793.25,446,0.50,585.5,0.65,-889.5,-0.99,2139,21.39
109,Entry long,2006-04-06,LongDip,1793.25,1,1793.25,446,0.50,585.5,0.65,-889.5,-0.99,2139,21.39
110,Exit long,2006-05-08,Close entry(s) order LongDip,1818,1,1797.5,1021,1.14,1135.5,1.26,-27,-0.03,3160,31.60
110,Entry long,2006-04-30,LongDip,1797.5,1,1797.5,1021,1.14,1135.5,1.26,-27,-0.03,3160,31.60
111,Exit long,2006-05-16,Close entry(s) order LongDip,1757.75,1,1801,-2166.5,-2.41,35.5,0.04,-2189.5,-2.43,993.5,9.93
111,Entry long,2006-05-10,LongDip,1801,1,1801,-2166.5,-2.41,35.5,0.04,-2189.5,-2.43,993.5,9.93
112,Exit long,2006-09-13,Close entry(s) order LongDip,1796.75,1,1781.5,758.5,0.85,898,1.01,-577,-0.65,1752,17.52
112,Entry long,2006-09-05,LongDip,1781.5,1,1781.5,758.5,0.85,898,1.01,-577,-0.65,1752,17.52
113,Exit long,2006-11-02,Close entry(s) order LongDip,1835.75,1,1852.5,-841.5,-0.91,123,0.13,-977,-1.05,910.5,9.11
113,Entry long,2006-10-26,LongDip,1852.5,1,1852.5,-841.5,-0.91,123,0.13,-977,-1.05,910.5,9.11
114,Exit long,2006-11-16,Close entry(s) order LongDip,1872,1,1851.75,1008.5,1.09,1185.5,1.28,-252,-0.27,1919,19.19
114,Entry long,2006-11-08,LongDip,1851.75,1,1851.75,1008.5,1.09,1185.5,1.28,-252,-0.27,1919,19.19
115,Exit long,2006-12-04,Close entry(s) order LongDip,1884,1,1851.25,1633.5,1.76,1685.5,1.82,-264.5,-0.29,3552.5,35.53
115,Entry long,2006-11-26,LongDip,1851.25,1,1851.25,1633.5,1.76,1685.5,1.82,-264.5,-0.29,3552.5,35.53
116,Exit long,2007-01-03,Close entry(s) order LongDip,1882.5,1,1875.75,333.5,0.36,973,1.04,-202,-0.22,3886,38.86
116,Entry long,2006-12-21,LongDip,1875.75,1,1875.75,333.5,0.36,973,1.04,-202,-0.22,3886,38.86
117,Exit long,2007-01-15,Close entry(s) order LongDip,1893.75,1,1872,1083.5,1.16,1385.5,1.48,-227,-0.24,4969.5,49.70
117,Entry long,2007-01-04,LongDip,1872,1,1872,1083.5,1.16,1385.5,1.48,-227,-0.24,4969.5,49.70
118,Exit long,2007-02-01,Close entry(s) order LongDip,1908,1,1884.75,1158.5,1.23,1260.5,1.34,-377,-0.40,6128,61.28
118,Entry long,2007-01-24,LongDip,1884.75,1,1884.75,1158.5,1.23,1260.5,1.34,-377,-0.40,6128,61.28
119,Exit long,2007-02-18,Close entry(s) order LongDip,1914.5,1,1898.5,796,0.84,973,1.02,-414.5,-0.44,6924,69.24
119,Entry long,2007-02-08,LongDip,1898.5,1,1898.5,796,0.84,973,1.02,-414.5,-0.44,6924,69.24
120,Exit long,2007-03-06,Close entry(s) order LongDip,1848.25,1,1850.75,-129,-0.14,1160.5,1.25,-1339.5,-1.45,6795,67.95
120,Entry long,2007-02-26,LongDip,1850.75,1,1850.75,-129,-0.14,1160.5,1.25,-1339.5,-1.45,6795,67.95
121,Exit long,2007-03-20,Close entry(s) order LongDip,1887.5,1,1835,2621,2.86,2873,3.13,-852,-0.93,9416,94.16
121,Entry long,2007-03-12,LongDip,1835,1,1835,2621,2.86,2873,3.13,-852,-0.93,9416,94.16
122,Exit long,2007-04-04,Close entry(s) order LongDip,1895.25,1,1872.5,1133.5,1.21,1248,1.33,-589.5,-0.63,10549.5,105.50
122,Entry long,2007-03-27,LongDip,1872.5,1,1872.5,1133.5,1.21,1248,1.33,-589.5,-0.63,10549.5,105.50
123,Exit long,2007-05-07,Close entry(s) order LongDip,1954.75,1,1931.5,1158.5,1.20,1410.5,1.46,-327,-0.34,11708,117.08
123,Entry long,2007-04-29,LongDip,1931.5,1,1931.5,1158.5,1.20,1410.5,1.46,-327,-0.34,11708,117.08
124,Exit long,2007-05-17,Close entry(s) order LongDip,1970.5,1,1942.25,1408.5,1.45,1435.5,1.48,-177,-0.18,13116.5,131.17
124,Entry long,2007-05-09,LongDip,1942.25,1,1942.25,1408.5,1.45,1435.5,1.48,-177,-0.18,13116.5,131.17
125,Exit long,2007-06-03,Close entry(s) order LongDip,1982.75,1,1954.5,1408.5,1.44,1560.5,1.60,-77,-0.08,14525,145.25
125,Entry long,2007-05-23,LongDip,1954.5,1,1954.5,1408.5,1.44,1560.5,1.60,-77,-0.08,14525,145.25
126,Exit long,2007-06-06,Close entry(s) order LongDip,1931.75,1,1959.5,-1391.5,-1.42,348,0.36,-1452,-1.48,13133.5,131.34
126,Entry long,2007-06-05,LongDip,1959.5,1,1959.5,-1391.5,-1.42,348,0.36,-1452,-1.48,13133.5,131.34
127,Exit long,2007-06-19,Close entry(s) order LongDip,1954.75,1,1935.75,946,0.98,2323,2.40,-202,-0.21,14079.5,140.80
127,Entry long,2007-06-11,LongDip,1935.75,1,1935.75,946,0.98,2323,2.40,-202,-0.21,14079.5,140.80
128,Exit long,2007-07-01,Close entry(s) order LongDip,1958.75,1,1948.75,496,0.51,598,0.61,-1439.5,-1.48,14575.5,145.76
128,Entry long,2007-06-21,LongDip,1948.75,1,1948.75,496,0.51,598,0.61,-1439.5,-1.48,14575.5,145.76
129,Exit long,2007-07-17,Close entry(s) order LongDip,1982.5,1,1948.25,1708.5,1.75,2298,2.36,-252,-0.26,16284,162.84
129,Entry long,2007-07-09,LongDip,1948.25,1,1948.25,1708.5,1.75,2298,2.36,-252,-0.26,16284,162.84
130,Exit long,2007-07-25,Close entry(s) order LongDip,1915.75,1,1973.25,-2879,-2.92,548,0.56,-3714.5,-3.76,13405,134.05
130,Entry long,2007-07-19,LongDip,1973.25,1,1973.25,-2879,-2.92,548,0.56,-3714.5,-3.76,13405,134.05
131,Exit long,2007-09-27,Close entry(s) order LongDip,1953,1,1947.25,283.5,0.29,673,0.69,-664.5,-0.68,13688.5,136.89
131,Entry long,2007-09-19,LongDip,1947.25,1,1947.25,283.5,0.29,673,0.69,-664.5,-0.68,13688.5,136.89
132,Exit long,2007-10-15,Close entry(s) order LongDip,1962.5,1,1978.25,-791.5,-0.80,1185.5,1.20,-889.5,-0.90,12897,128.97
132,Entry long,2007-10-07,LongDip,1978.25,1,1978.25,-791.5,-0.80,1185.5,1.20,-889.5,-0.90,12897,128.97
133,Exit long,2007-10-28,Close entry(s) order LongDip,1962,1,1921.25,2033.5,2.12,2248,2.34,-677,-0.70,14930.5,149.31
133,Entry long,2007-10-18,LongDip,1921.25,1,1921.25,2033.5,2.12,2248,2.34,-677,-0.70,14930.5,149.31
134,Exit long,2007-11-06,Close entry(s) order LongDip,1897.75,1,1951.5,-2691.5,-2.76,1123,1.15,-2877,-2.95,12239,122.39
134,Entry long,2007-10-29,LongDip,1951.5,1,1951.5,-2691.5,-2.76,1123,1.15,-2877,-2.95,12239,122.39
135,Exit long,2009-07-06,Close entry(s) order LongDip,1287.5,1,1324.25,-1841.5,-2.78,623,0.94,-2027,-3.06,10397.5,103.98
135,Entry long,2009-06-29,LongDip,1324.25,1,1324.25,-1841.5,-2.78,623,0.94,-2027,-3.06,10397.5,103.98
136,Exit long,2009-08-13,Close entry(s) order LongDip,1414,1,1403.75,508.5,0.72,1035.5,1.48,-477,-0.68,10906,109.06
136,Entry long,2009-08-05,LongDip,1403.75,1,1403.75,508.5,0.72,1035.5,1.48,-477,-0.68,10906,109.06
137,Exit long,2009-08-24,Close entry(s) order LongDip,1434.25,1,1387,2358.5,3.40,2973,4.29,-114.5,-0.17,13264.5,132.64
137,Entry long,2009-08-16,LongDip,1387,1,1387,2358.5,3.40,2973,4.29,-114.5,-0.17,13264.5,132.64
138,Exit long,2009-09-08,Close entry(s) order LongDip,1440.75,1,1428.5,608.5,0.85,810.5,1.13,-1452,-2.03,13873,138.73
138,Entry long,2009-08-30,LongDip,1428.5,1,1428.5,608.5,0.85,810.5,1.13,-1452,-2.03,13873,138.73
139,Exit long,2009-09-30,Close entry(s) order LongDip,1440.25,1,1472.25,-1604,-2.18,323,0.44,-1739.5,-2.36,12269,122.69
139,Entry long,2009-09-22,LongDip,1472.25,1,1472.25,-1604,-2.18,323,0.44,-1739.5,-2.36,12269,122.69
140,Exit long,2009-10-25,Close entry(s) order LongDip,1479.25,1,1495.25,-804,-1.08,835.5,1.12,-1052,-1.41,11465,114.65
140,Entry long,2009-10-15,LongDip,1495.25,1,1495.25,-804,-1.08,835.5,1.12,-1052,-1.41,11465,114.65
141,Exit long,2009-11-03,Close entry(s) order LongDip,1459.75,1,1473.75,-704,-0.96,160.5,0.22,-1739.5,-2.36,10761,107.61
141,Entry long,2009-10-26,LongDip,1473.75,1,1473.75,-704,-0.96,160.5,0.22,-1739.5,-2.36,10761,107.61
142,Exit long,2009-11-19,Close entry(s) order LongDip,1502.75,1,1500.5,108.5,0.14,1235.5,1.65,-239.5,-0.32,10869.5,108.70
142,Entry long,2009-11-11,LongDip,1500.5,1,1500.5,108.5,0.14,1235.5,1.65,-239.5,-0.32,10869.5,108.70
143,Exit long,2009-12-06,Close entry(s) order LongDip,1516.5,1,1502.75,683.5,0.91,1460.5,1.94,-264.5,-0.35,11553,115.53
143,Entry long,2009-11-25,LongDip,1502.75,1,1502.75,683.5,0.91,1460.5,1.94,-264.5,-0.35,11553,115.53
144,Exit long,2009-12-15,Close entry(s) order LongDip,1523.5,1,1503.25,1008.5,1.34,1385.5,1.84,-264.5,-0.35,12561.5,125.62
144,Entry long,2009-12-07,LongDip,1503.25,1,1503.25,1008.5,1.34,1385.5,1.84,-264.5,-0.35,12561.5,125.62
145,Exit long,2009-12-27,Close entry(s) order LongDip,1540.75,1,1512.5,1408.5,1.86,1585.5,2.10,-302,-0.40,13970,139.70
145,Entry long,2009-12-16,LongDip,1512.5,1,1512.5,1408.5,1.86,1585.5,2.10,-302,-0.40,13970,139.70
146,Exit long,2010-01-10,Close entry(s) order LongDip,1560.25,1,1529,1558.5,2.04,1848,2.42,-14.5,-0.02,15528.5,155.29
146,Entry long,2009-12-30,LongDip,1529,1,1529,1558.5,2.04,1848,2.42,-14.5,-0.02,15528.5,155.29
147,Exit long,2010-01-20,Close entry(s) order LongDip,1528.75,1,1552.25,-1179,-1.52,648,0.83,-1202,-1.55,14349.5,143.50
147,Entry long,2010-01-11,LongDip,1552.25,1,1552.25,-1179,-1.52,648,0.83,-1202,-1.55,14349.5,143.50
148,Exit long,2010-01-31,Close entry(s) order LongDip,1504,1,1509.25,-266.5,-0.35,610.5,0.81,-1239.5,-1.64,14083,140.83
148,Entry long,2010-01-21,LongDip,1509.25,1,1509.25,-266.5,-0.35,610.5,0.81,-1239.5,-1.64,14083,140.83
149,Exit long,2010-02-11,Close entry(s) order LongDip,1496.75,1,1480,833.5,1.13,885.5,1.20,-1064.5,-1.44,14916.5,149.17
149,Entry long,2010-02-03,LongDip,1480,1,1480,833.5,1.13,885.5,1.20,-1064.5,-1.44,14916.5,149.17
150,Exit long,2010-03-02,Close entry(s) order LongDip,1536.25,1,1515.5,1033.5,1.36,1373,1.81,-652,-0.86,15950,159.50
150,Entry long,2010-02-22,LongDip,1515.5,1,1515.5,1033.5,1.36,1373,1.81,-652,-0.86,15950,159.50
151,Exit long,2010-04-14,Close entry(s) order LongDip,1630.75,1,1601.75,1446,1.81,1560.5,1.95,-414.5,-0.52,17396,173.96
151,Entry long,2010-04-06,LongDip,1601.75,1,1601.75,1446,1.81,1560.5,1.95,-414.5,-0.52,17396,173.96
152,Exit long,2010-04-25,Close entry(s) order LongDip,1630.5,1,1613,871,1.08,1310.5,1.62,-539.5,-0.67,18267,182.67
152,Entry long,2010-04-15,LongDip,1613,1,1613,871,1.08,1310.5,1.62,-539.5,-0.67,18267,182.67
153,Exit long,2010-05-04,Close entry(s) order LongDip,1586.25,1,1603.75,-879,-1.10,1335.5,1.67,-1327,-1.65,17388,173.88
153,Entry long,2010-04-26,LongDip,1603.75,1,1603.75,-879,-1.10,1335.5,1.67,-1327,-1.65,17388,173.88
154,Exit long,2010-05-13,Close entry(s) order LongDip,1557.5,1,1545.25,608.5,0.79,2598,3.36,-1602,-2.07,17996.5,179.97
154,Entry long,2010-05-05,LongDip,1545.25,1,1545.25,608.5,0.79,2598,3.36,-1602,-2.07,17996.5,179.97
155,Exit long,2010-05-19,Close entry(s) order LongDip,1492.25,1,1541.5,-2466.5,-3.20,185.5,0.24,-2589.5,-3.36,15530,155.30
155,Entry long,2010-05-17,LongDip,1541.5,1,1541.5,-2466.5,-3.20,185.5,0.24,-2589.5,-3.36,15530,155.30
156,Exit long,2010-08-04,Close entry(s) order LongDip,1550,1,1529,1046,1.37,1273,1.67,-939.5,-1.23,16576,165.76
156,Entry long,2010-07-27,LongDip,1529,1,1529,1046,1.37,1273,1.67,-939.5,-1.23,16576,165.76
157,Exit long,2010-09-30,Close entry(s) order LongDip,1573.75,1,1552.5,1058.5,1.36,1635.5,2.11,-114.5,-0.15,17634.5,176.35
157,Entry long,2010-09-22,LongDip,1552.5,1,1552.5,1058.5,1.36,1635.5,2.11,-114.5,-0.15,17634.5,176.35
158,Exit long,2010-10-11,Close entry(s) order LongDip,1596,1,1566.75,1458.5,1.86,1698,2.17,-114.5,-0.15,19093,190.93
158,Entry long,2010-10-03,LongDip,1566.75,1,1566.75,1458.5,1.86,1698,2.17,-114.5,-0.15,19093,190.93
159,Exit long,2010-10-26,Close entry(s) order LongDip,1610.25,1,1595.75,721,0.90,1448,1.81,-177,-0.22,19814,198.14
159,Entry long,2010-10-18,LongDip,1595.75,1,1595.75,721,0.90,1448,1.81,-177,-0.22,19814,198.14
160,Exit long,2010-11-15,Close entry(s) order LongDip,1606.25,1,1643,-1841.5,-2.24,285.5,0.35,-2014.5,-2.45,17972.5,179.73
160,Entry long,2010-11-08,LongDip,1643,1,1643,-1841.5,-2.24,285.5,0.35,-2014.5,-2.45,17972.5,179.73
161,Exit long,2010-12-01,Close entry(s) order LongDip,1654.25,1,1610.25,2196,2.73,2235.5,2.78,-314.5,-0.39,20168.5,201.68
161,Entry long,2010-11-22,LongDip,1610.25,1,1610.25,2196,2.73,2235.5,2.78,-314.5,-0.39,20168.5,201.68
162,Exit long,2011-01-26,Close entry(s) order LongDip,1732.25,1,1715.5,833.5,0.97,973,1.13,-564.5,-0.66,21002,210.02
162,Entry long,2011-01-18,LongDip,1715.5,1,1715.5,833.5,0.97,973,1.13,-564.5,-0.66,21002,210.02
163,Exit long,2011-02-06,Close entry(s) order LongDip,1752.25,1,1708.5,2183.5,2.56,2410.5,2.82,-477,-0.56,23185.5,231.86
163,Entry long,2011-01-27,LongDip,1708.5,1,1708.5,2183.5,2.56,2410.5,2.82,-477,-0.56,23185.5,231.86
164,Exit long,2011-03-01,Close entry(s) order LongDip,1742.25,1,1751.5,-466.5,-0.53,1085.5,1.24,-1114.5,-1.27,22719,227.19
164,Entry long,2011-02-20,LongDip,1751.5,1,1751.5,-466.5,-0.53,1085.5,1.24,-1114.5,-1.27,22719,227.19
165,Exit long,2011-03-09,Close entry(s) order LongDip,1730.75,1,1757.25,-1329,-1.51,335.5,0.38,-1389.5,-1.58,21390,213.90
165,Entry long,2011-03-03,LongDip,1757.25,1,1757.25,-1329,-1.51,335.5,0.38,-1389.5,-1.58,21390,213.90
166,Exit long,2011-03-15,Close entry(s) order LongDip,1695.5,1,1732.5,-1854,-2.14,123,0.14,-2377,-2.74,19536,195.36
166,Entry long,2011-03-13,LongDip,1732.5,1,1732.5,-1854,-2.14,123,0.14,-2377,-2.74,19536,195.36
167,Exit long,2011-04-04,Close entry(s) order LongDip,1768.25,1,1744.25,1196,1.37,1585.5,1.82,-114.5,-0.13,20732,207.32
167,Entry long,2011-03-27,LongDip,1744.25,1,1744.25,1196,1.37,1585.5,1.82,-114.5,-0.13,20732,207.32
168,Exit long,2011-04-19,Close entry(s) order LongDip,1769.75,1,1750.25,971,1.11,1098,1.25,-914.5,-1.04,21703,217.03
168,Entry long,2011-04-11,LongDip,1750.25,1,1750.25,971,1.11,1098,1.25,-914.5,-1.04,21703,217.03
169,Exit long,2011-05-11,Close entry(s) order LongDip,1789,1,1785,196,0.22,748,0.84,-902,-1.01,21899,218.99
169,Entry long,2011-05-03,LongDip,1785,1,1785,196,0.22,748,0.84,-902,-1.01,21899,218.99
170,Exit long,2011-05-22,Close entry(s) order LongDip,1756.75,1,1776,-966.5,-1.09,560.5,0.63,-1177,-1.33,20932.5,209.33
170,Entry long,2011-05-12,LongDip,1776,1,1776,-966.5,-1.09,560.5,0.63,-1177,-1.33,20932.5,209.33
171,Exit long,2011-06-05,Close entry(s) order LongDip,1726.5,1,1754,-1379,-1.57,273,0.31,-1452,-1.66,19553.5,195.54
171,Entry long,2011-05-31,LongDip,1754,1,1754,-1379,-1.57,273,0.31,-1452,-1.66,19553.5,195.54
172,Exit long,2011-06-15,Close entry(s) order LongDip,1710.25,1,1719,-441.5,-0.51,835.5,0.97,-989.5,-1.15,19112,191.12
172,Entry long,2011-06-07,LongDip,1719,1,1719,-441.5,-0.51,835.5,0.97,-989.5,-1.15,19112,191.12
173,Exit long,2011-06-29,Close entry(s) order LongDip,1762.25,1,1727,1758.5,2.04,1873,2.17,-1152,-1.33,20870.5,208.71
173,Entry long,2011-06-21,LongDip,1727,1,1727,1758.5,2.04,1873,2.17,-1152,-1.33,20870.5,208.71
174,Exit long,2011-07-11,Close entry(s) order LongDip,1757.5,1,1789,-1579,-1.77,0,0.00,-2339.5,-2.62,19291.5,192.92
174,Entry long,2011-07-07,LongDip,1789,1,1789,-1579,-1.77,0,0.00,-2339.5,-2.62,19291.5,192.92
175,Exit long,2011-07-25,Close entry(s) order LongDip,1773,1,1747.75,1258.5,1.44,2348,2.69,-27,-0.03,20550,205.50
175,Entry long,2011-07-17,LongDip,1747.75,1,1747.75,1258.5,1.44,2348,2.69,-27,-0.03,20550,205.50
176,Exit long,2011-08-01,Close entry(s) order LongDip,1694,1,1746.25,-2616.5,-3.00,685.5,0.79,-2627,-3.01,17933.5,179.34
176,Entry long,2011-07-26,LongDip,1746.25,1,1746.25,-2616.5,-3.00,685.5,0.79,-2627,-3.01,17933.5,179.34
177,Exit long,2012-02-19,Close entry(s) order LongDip,1818.75,1,1799.75,946,1.05,1435.5,1.60,-327,-0.36,18879.5,188.80
177,Entry long,2012-02-09,LongDip,1799.75,1,1799.75,946,1.05,1435.5,1.60,-327,-0.36,18879.5,188.80
178,Exit long,2012-03-13,Close entry(s) order LongDip,1853.25,1,1801.25,2596,2.88,2885.5,3.20,-52,-0.06,21475.5,214.76
178,Entry long,2012-03-05,LongDip,1801.25,1,1801.25,2596,2.88,2885.5,3.20,-52,-0.06,21475.5,214.76
179,Exit long,2012-03-29,Close entry(s) order LongDip,1867.75,1,1854,683.5,0.74,1523,1.64,-439.5,-0.47,22159,221.59
179,Entry long,2012-03-21,LongDip,1854,1,1854,683.5,0.74,1523,1.64,-439.5,-0.47,22159,221.59
180,Exit long,2012-04-09,Close entry(s) order LongDip,1821.5,1,1858.25,-1841.5,-1.98,210.5,0.23,-2052,-2.21,20317.5,203.18
180,Entry long,2012-04-03,LongDip,1858.25,1,1858.25,-1841.5,-1.98,210.5,0.23,-2052,-2.21,20317.5,203.18
181,Exit long,2012-04-22,Close entry(s) order LongDip,1827.25,1,1830,-141.5,-0.15,1235.5,1.35,-564.5,-0.62,20176,201.76
181,Entry long,2012-04-12,LongDip,1830,1,1830,-141.5,-0.15,1235.5,1.35,-564.5,-0.62,20176,201.76
182,Exit long,2012-05-07,Close entry(s) order LongDip,1823,1,1851,-1404,-1.52,135.5,0.15,-2189.5,-2.37,18772,187.72
182,Entry long,2012-05-02,LongDip,1851,1,1851,-1404,-1.52,135.5,0.15,-2189.5,-2.37,18772,187.72
183,Exit long,2012-05-15,Close entry(s) order LongDip,1787,1,1816,-1454,-1.60,623,0.69,-1527,-1.68,17318,173.18
183,Entry long,2012-05-08,LongDip,1816,1,1816,-1454,-1.60,623,0.69,-1527,-1.68,17318,173.18
184,Exit long,2012-05-24,Close entry(s) order LongDip,1779.5,1,1766.25,658.5,0.75,1410.5,1.60,-714.5,-0.81,17976.5,179.77
184,Entry long,2012-05-16,LongDip,1766.25,1,1766.25,658.5,0.75,1410.5,1.60,-714.5,-0.81,17976.5,179.77
185,Exit long,2012-05-31,Close entry(s) order LongDip,1738.5,1,1773.5,-1754,-1.98,510.5,0.58,-1764.5,-1.99,16222.5,162.23
185,Entry long,2012-05-29,LongDip,1773.5,1,1773.5,-1754,-1.98,510.5,0.58,-1764.5,-1.99,16222.5,162.23
186,Exit long,2012-06-18,Close entry(s) order LongDip,1821.75,1,1772,2483.5,2.80,2823,3.19,-177,-0.20,18706,187.06
186,Entry long,2012-06-10,LongDip,1772,1,1772,2483.5,2.80,2823,3.19,-177,-0.20,18706,187.06
187,Exit long,2012-06-28,Close entry(s) order LongDip,1827.75,1,1790,1883.5,2.10,2048,2.29,-802,-0.90,20589.5,205.90
187,Entry long,2012-06-20,LongDip,1790,1,1790,1883.5,2.10,2048,2.29,-802,-0.90,20589.5,205.90
188,Exit long,2012-07-15,Close entry(s) order LongDip,1818.75,1,1823.5,-241.5,-0.26,223,0.24,-1614.5,-1.77,20348,203.48
188,Entry long,2012-07-05,LongDip,1823.5,1,1823.5,-241.5,-0.26,223,0.24,-1614.5,-1.77,20348,203.48
189,Exit long,2012-07-29,Close entry(s) order LongDip,1851.75,1,1830,1083.5,1.18,1448,1.58,-1864.5,-2.04,21431.5,214.32
189,Entry long,2012-07-19,LongDip,1830,1,1830,1083.5,1.18,1448,1.58,-1864.5,-2.04,21431.5,214.32
190,Exit long,2012-08-09,Close entry(s) order LongDip,1873.75,1,1833.75,1996,2.18,2073,2.26,-114.5,-0.12,23427.5,234.28
190,Entry long,2012-08-01,LongDip,1833.75,1,1833.75,1996,2.18,2073,2.26,-114.5,-0.12,23427.5,234.28
191,Exit long,2012-08-30,Close entry(s) order LongDip,1876.25,1,1871.75,221,0.24,785.5,0.84,-252,-0.27,23648.5,236.49
191,Entry long,2012-08-22,LongDip,1871.75,1,1871.75,221,0.24,785.5,0.84,-252,-0.27,23648.5,236.49
192,Exit long,2012-09-17,Close entry(s) order LongDip,1931,1,1898.25,1633.5,1.72,2398,2.53,-264.5,-0.28,25282,252.82
192,Entry long,2012-09-09,LongDip,1898.25,1,1898.25,1633.5,1.72,2398,2.53,-264.5,-0.28,25282,252.82
193,Exit long,2012-10-02,Close entry(s) order LongDip,1922.75,1,1915.75,346,0.36,698,0.73,-677,-0.71,25628,256.28
193,Entry long,2012-09-24,LongDip,1915.75,1,1915.75,346,0.36,698,0.73,-677,-0.71,25628,256.28
194,Exit long,2012-10-16,Close entry(s) order LongDip,1935,1,1914.5,1021,1.07,1073,1.12,-989.5,-1.03,26649,266.49
194,Entry long,2012-10-08,LongDip,1914.5,1,1914.5,1021,1.07,1073,1.12,-989.5,-1.03,26649,266.49
195,Exit long,2012-10-28,Close entry(s) order LongDip,1885.5,1,1902.5,-854,-0.90,448,0.47,-1489.5,-1.57,25795,257.95
195,Entry long,2012-10-18,LongDip,1902.5,1,1902.5,-854,-0.90,448,0.47,-1489.5,-1.57,25795,257.95
196,Exit long,2012-11-07,Close entry(s) order LongDip,1853.25,1,1884,-1541.5,-1.64,1298,1.38,-1664.5,-1.77,24253.5,242.54
196,Entry long,2012-11-01,LongDip,1884,1,1884,-1541.5,-1.64,1298,1.38,-1664.5,-1.77,24253.5,242.54
197,Exit long,2012-12-20,Close entry(s) order LongDip,1909.5,1,1896.5,646,0.68,1660.5,1.75,-1077,-1.14,24899.5,248.99
197,Entry long,2012-12-12,LongDip,1896.5,1,1896.5,646,0.68,1660.5,1.75,-1077,-1.14,24899.5,248.99
198,Exit long,2013-01-07,Close entry(s) order LongDip,1935.75,1,1868,3383.5,3.62,3935.5,4.21,-39.5,-0.04,28283,282.83
198,Entry long,2012-12-27,LongDip,1868,1,1868,3383.5,3.62,3935.5,4.21,-39.5,-0.04,28283,282.83
199,Exit long,2013-02-06,Close entry(s) order LongDip,1988.75,1,1979.25,471,0.48,773,0.78,-264.5,-0.27,28754,287.54
199,Entry long,2013-01-29,LongDip,1979.25,1,1979.25,471,0.48,773,0.78,-264.5,-0.27,28754,287.54
200,Exit long,2013-02-27,Close entry(s) order LongDip,1996.75,1,1991,283.5,0.28,860.5,0.86,-1277,-1.28,29037.5,290.38
200,Entry long,2013-02-19,LongDip,1991,1,1991,283.5,0.28,860.5,0.86,-1277,-1.28,29037.5,290.38
201,Exit long,2013-03-31,Close entry(s) order LongDip,2045,1,2028.5,821,0.81,1285.5,1.27,-214.5,-0.21,29858.5,298.59
201,Entry long,2013-03-20,LongDip,2028.5,1,2028.5,821,0.81,1285.5,1.27,-214.5,-0.21,29858.5,298.59
202,Exit long,2013-04-10,Close entry(s) order LongDip,2076.75,1,2038,1933.5,1.90,2210.5,2.17,-777,-0.76,31792,317.92
202,Entry long,2013-04-02,LongDip,2038,1,2038,1933.5,1.90,2210.5,2.17,-777,-0.76,31792,317.92
203,Exit long,2013-04-22,Close entry(s) order LongDip,2062.5,1,2033,1471,1.45,1660.5,1.63,-652,-0.64,33263,332.63
203,Entry long,2013-04-14,LongDip,2033,1,2033,1471,1.45,1660.5,1.63,-652,-0.64,33263,332.63
204,Exit long,2013-05-08,Close entry(s) order LongDip,2113.5,1,2066.75,2333.5,2.26,2735.5,2.65,-14.5,-0.01,35596.5,355.97
204,Entry long,2013-04-30,LongDip,2066.75,1,2066.75,2333.5,2.26,2735.5,2.65,-14.5,-0.01,35596.5,355.97
205,Exit long,2013-05-30,Close entry(s) order LongDip,2118,1,2145,-1354,-1.26,848,0.79,-1477,-1.38,34242.5,342.42
205,Entry long,2013-05-21,LongDip,2145,1,2145,-1354,-1.26,848,0.79,-1477,-1.38,34242.5,342.42
206,Exit long,2013-06-12,Close entry(s) order LongDip,2125.75,1,2097.5,1408.5,1.34,2010.5,1.92,-589.5,-0.56,35651,356.51
206,Entry long,2013-06-04,LongDip,2097.5,1,2097.5,1408.5,1.34,2010.5,1.92,-589.5,-0.56,35651,356.51
207,Exit long,2013-06-19,Close entry(s) order LongDip,2079,1,2113.75,-1741.5,-1.65,1523,1.44,-2077,-1.97,33909.5,339.10
207,Entry long,2013-06-13,LongDip,2113.75,1,2113.75,-1741.5,-1.65,1523,1.44,-2077,-1.97,33909.5,339.10
208,Exit long,2013-07-01,Close entry(s) order LongDip,2102.25,1,2061.75,2021,1.96,2698,2.62,-414.5,-0.40,35930.5,359.31
208,Entry long,2013-06-23,LongDip,2061.75,1,2061.75,2021,1.96,2698,2.62,-414.5,-0.40,35930.5,359.31
209,Exit long,2013-08-14,Close entry(s) order LongDip,2150.75,1,2177.5,-1341.5,-1.23,0,0.00,-1402,-1.29,34589,345.89
209,Entry long,2013-08-13,LongDip,2177.5,1,2177.5,-1341.5,-1.23,0,0.00,-1402,-1.29,34589,345.89
210,Exit long,2013-08-28,Close entry(s) order LongDip,2131.75,1,2132,-16.5,-0.02,1535.5,1.44,-602,-0.56,34572.5,345.73
210,Entry long,2013-08-20,LongDip,2132,1,2132,-16.5,-0.02,1535.5,1.44,-602,-0.56,34572.5,345.73
211,Exit long,2013-09-29,Close entry(s) order LongDip,2176,1,2204.75,-1441.5,-1.31,235.5,0.21,-1802,-1.63,33131,331.31
211,Entry long,2013-09-19,LongDip,2204.75,1,2204.75,-1441.5,-1.31,235.5,0.21,-1802,-1.63,33131,331.31
212,Exit long,2013-10-10,Close entry(s) order LongDip,2200.75,1,2172,1433.5,1.32,1510.5,1.39,-1502,-1.38,34564.5,345.65
212,Entry long,2013-10-02,LongDip,2172,1,2172,1433.5,1.32,1510.5,1.39,-1502,-1.38,34564.5,345.65
213,Exit long,2013-10-22,Close entry(s) order LongDip,2243.5,1,2194.25,2458.5,2.24,3110.5,2.84,-52,-0.05,37023,370.23
213,Entry long,2013-10-14,LongDip,2194.25,1,2194.25,2458.5,2.24,3110.5,2.84,-52,-0.05,37023,370.23
214,Exit long,2013-11-07,Close entry(s) order LongDip,2267.75,1,2253.25,721,0.64,1160.5,1.03,-739.5,-0.66,37744,377.44
214,Entry long,2013-10-30,LongDip,2253.25,1,2253.25,721,0.64,1160.5,1.03,-739.5,-0.66,37744,377.44
215,Exit long,2013-12-18,Close entry(s) order LongDip,2310,1,2283,1346,1.18,1598,1.40,-1039.5,-0.91,39090,390.90
215,Entry long,2013-12-10,LongDip,2283,1,2283,1346,1.18,1598,1.40,-1039.5,-0.91,39090,390.90
216,Exit long,2014-01-09,Close entry(s) order LongDip,2345.75,1,2335,533.5,0.46,785.5,0.67,-477,-0.41,39623.5,396.23
216,Entry long,2013-12-31,LongDip,2335,1,2335,533.5,0.46,785.5,0.67,-477,-0.41,39623.5,396.23
217,Exit long,2014-01-21,Close entry(s) order LongDip,2346.5,1,2323.5,1146,0.99,1523,1.31,-127,-0.11,40769.5,407.70
217,Entry long,2014-01-12,LongDip,2323.5,1,2323.5,1146,0.99,1523,1.31,-127,-0.11,40769.5,407.70
218,Exit long,2014-01-23,Close entry(s) order LongDip,2290,1,2332.75,-2141.5,-1.84,173,0.15,-2227,-1.91,38628,386.28
218,Entry long,2014-01-22,LongDip,2332.75,1,2332.75,-2141.5,-1.84,173,0.15,-2227,-1.91,38628,386.28
219,Exit long,2014-02-02,Close entry(s) order LongDip,2240.75,1,2279.75,-1954,-1.71,1110.5,0.97,-1964.5,-1.72,36674,366.74
219,Entry long,2014-01-28,LongDip,2279.75,1,2279.75,-1954,-1.71,1110.5,0.97,-1964.5,-1.72,36674,366.74
220,Exit long,2014-02-26,Close entry(s) order LongDip,2362,1,2334,1396,1.20,1548,1.33,-427,-0.37,38070,380.70
220,Entry long,2014-02-18,LongDip,2334,1,2334,1396,1.20,1548,1.33,-427,-0.37,38070,380.70
221,Exit long,2014-03-10,Close entry(s) order LongDip,2373.25,1,2351.5,1083.5,0.92,2210.5,1.88,-14.5,-0.01,39153.5,391.54
221,Entry long,2014-03-02,LongDip,2351.5,1,2351.5,1083.5,0.92,2210.5,1.88,-14.5,-0.01,39153.5,391.54
222,Exit long,2014-03-20,Close entry(s) order LongDip,2372,1,2355.25,833.5,0.71,1835.5,1.56,-827,-0.70,39987,399.87
222,Entry long,2014-03-12,LongDip,2355.25,1,2355.25,833.5,0.71,1835.5,1.56,-827,-0.70,39987,399.87
223,Exit long,2014-04-02,Close entry(s) order LongDip,2398,1,2358,1996,1.69,2235.5,1.90,-439.5,-0.37,41983,419.83
223,Entry long,2014-03-25,LongDip,2358,1,2358,1996,1.69,2235.5,1.90,-439.5,-0.37,41983,419.83
224,Exit long,2014-04-09,Close entry(s) order LongDip,2342,1,2375.5,-1679,-1.41,360.5,0.30,-1827,-1.54,40304,403.04
224,Entry long,2014-04-03,LongDip,2375.5,1,2375.5,-1679,-1.41,360.5,0.30,-1827,-1.54,40304,403.04
225,Exit long,2014-04-21,Close entry(s) order LongDip,2389,1,2327.25,3083.5,2.65,3335.5,2.87,-439.5,-0.38,43387.5,433.88
225,Entry long,2014-04-10,LongDip,2327.25,1,2327.25,3083.5,2.65,3335.5,2.87,-439.5,-0.38,43387.5,433.88
226,Exit long,2014-05-04,Close entry(s) order LongDip,2390.75,1,2375.5,758.5,0.64,1285.5,1.08,-814.5,-0.69,44146,441.46
226,Entry long,2014-04-24,LongDip,2375.5,1,2375.5,758.5,0.64,1285.5,1.08,-814.5,-0.69,44146,441.46
227,Exit long,2014-05-13,Close entry(s) order LongDip,2400.25,1,2379.75,1021,0.86,1698,1.43,-502,-0.42,45167,451.67
227,Entry long,2014-05-05,LongDip,2379.75,1,2379.75,1021,0.86,1698,1.43,-502,-0.42,45167,451.67
228,Exit long,2014-05-22,Close entry(s) order LongDip,2412,1,2382.75,1458.5,1.22,1585.5,1.33,-314.5,-0.26,46625.5,466.26
228,Entry long,2014-05-14,LongDip,2382.75,1,2382.75,1458.5,1.22,1585.5,1.33,-314.5,-0.26,46625.5,466.26
229,Exit long,2014-06-19,Close entry(s) order LongDip,2475.5,1,2446,1471,1.20,1660.5,1.36,-214.5,-0.18,48096.5,480.97
229,Entry long,2014-06-11,LongDip,2446,1,2446,1471,1.20,1660.5,1.36,-214.5,-0.18,48096.5,480.97
230,Exit long,2014-07-15,Close entry(s) order LongDip,2497,1,2483.25,683.5,0.55,860.5,0.69,-777,-0.63,48780,487.80
230,Entry long,2014-07-07,LongDip,2483.25,1,2483.25,683.5,0.55,860.5,0.69,-777,-0.63,48780,487.80
231,Exit long,2014-07-24,Close entry(s) order LongDip,2493.75,1,2476.25,871,0.70,1598,1.29,-564.5,-0.46,49651,496.51
231,Entry long,2014-07-16,LongDip,2476.25,1,2476.25,871,0.70,1598,1.29,-564.5,-0.46,49651,496.51
232,Exit long,2014-07-30,Close entry(s) order LongDip,2447,1,2485.75,-1941.5,-1.56,548,0.44,-1989.5,-1.60,47709.5,477.10
232,Entry long,2014-07-28,LongDip,2485.75,1,2485.75,-1941.5,-1.56,548,0.44,-1989.5,-1.60,47709.5,477.10
233,Exit long,2014-08-12,Close entry(s) order LongDip,2467,1,2435.75,1558.5,1.28,1660.5,1.36,-1152,-0.95,49268,492.68
233,Entry long,2014-08-04,LongDip,2435.75,1,2435.75,1558.5,1.28,1660.5,1.36,-1152,-0.95,49268,492.68
234,Exit long,2014-09-16,Close entry(s) order LongDip,2524.25,1,2512.5,583.5,0.46,1073,0.85,-902,-0.72,49851.5,498.52
234,Entry long,2014-09-08,LongDip,2512.5,1,2512.5,583.5,0.46,1073,0.85,-902,-0.72,49851.5,498.52
235,Exit long,2014-09-29,Close entry(s) order LongDip,2496,1,2517.25,-1066.5,-0.85,298,0.24,-1552,-1.23,48785,487.85
235,Entry long,2014-09-21,LongDip,2517.25,1,2517.25,-1066.5,-0.85,298,0.24,-1552,-1.23,48785,487.85
236,Exit long,2014-10-08,Close entry(s) order LongDip,2455.5,1,2471.75,-816.5,-0.66,1498,1.21,-1289.5,-1.04,47968.5,479.69
236,Entry long,2014-09-30,LongDip,2471.75,1,2471.75,-816.5,-0.66,1498,1.21,-1289.5,-1.04,47968.5,479.69
237,Exit long,2014-10-14,Close entry(s) order LongDip,2377.25,1,2425.25,-2404,-1.98,573,0.47,-4077,-3.36,45564.5,455.65
237,Entry long,2014-10-09,LongDip,2425.25,1,2425.25,-2404,-1.98,573,0.47,-4077,-3.36,45564.5,455.65
238,Exit long,2014-10-29,Close entry(s) order LongDip,2519,1,2456,3146,2.56,3448,2.81,-152,-0.12,48710.5,487.11
238,Entry long,2014-10-21,LongDip,2456,1,2456,3146,2.56,3448,2.81,-152,-0.12,48710.5,487.11
239,Exit long,2014-12-08,Close entry(s) order LongDip,2588,1,2581.75,308.5,0.24,1398,1.08,-889.5,-0.69,49019,490.19
239,Entry long,2014-11-30,LongDip,2581.75,1,2581.75,308.5,0.24,1398,1.08,-889.5,-0.69,49019,490.19
240,Exit long,2014-12-14,Close entry(s) order LongDip,2520.5,1,2557.5,-1854,-1.45,1485.5,1.16,-2264.5,-1.77,47165,471.65
240,Entry long,2014-12-09,LongDip,2557.5,1,2557.5,-1854,-1.45,1485.5,1.16,-2264.5,-1.77,47165,471.65
241,Exit long,2014-12-23,Close entry(s) order LongDip,2616,1,2502.75,5658.5,4.52,5960.5,4.76,-14.5,-0.01,52823.5,528.24
241,Entry long,2014-12-15,LongDip,2502.75,1,2502.75,5658.5,4.52,5960.5,4.76,-14.5,-0.01,52823.5,528.24
242,Exit long,2015-01-04,Close entry(s) order LongDip,2553.25,1,2590.25,-1854,-1.43,723,0.56,-2164.5,-1.67,50969.5,509.69
242,Entry long,2014-12-30,LongDip,2590.25,1,2590.25,-1854,-1.43,723,0.56,-2164.5,-1.67,50969.5,509.69
243,Exit long,2015-01-13,Close entry(s) order LongDip,2544.75,1,2532.25,621,0.49,3360.5,2.65,-677,-0.53,51590.5,515.91
243,Entry long,2015-01-05,LongDip,2532.25,1,2532.25,621,0.49,3360.5,2.65,-677,-0.53,51590.5,515.91
244,Exit long,2015-01-25,Close entry(s) order LongDip,2590.75,1,2526.75,3196,2.53,3660.5,2.90,-952,-0.75,54786.5,547.87
244,Entry long,2015-01-14,LongDip,2526.75,1,2526.75,3196,2.53,3660.5,2.90,-952,-0.75,54786.5,547.87
245,Exit long,2015-02-03,Close entry(s) order LongDip,2567.25,1,2567.75,-29,-0.02,948,0.74,-2827,-2.20,54757.5,547.57
245,Entry long,2015-01-26,LongDip,2567.75,1,2567.75,-29,-0.02,948,0.74,-2827,-2.20,54757.5,547.57
246,Exit long,2015-02-17,Close entry(s) order LongDip,2632.75,1,2580.25,2621,2.03,2798,2.17,-114.5,-0.09,57378.5,573.79
246,Entry long,2015-02-08,LongDip,2580.25,1,2580.25,2621,2.03,2798,2.17,-114.5,-0.09,57378.5,573.79
247,Exit long,2015-03-15,Close entry(s) order LongDip,2613.75,1,2608.5,258.5,0.20,573,0.44,-1639.5,-1.26,57637,576.37
247,Entry long,2015-03-05,LongDip,2608.5,1,2608.5,258.5,0.20,573,0.44,-1639.5,-1.26,57637,576.37
248,Exit long,2015-03-26,Close entry(s) order LongDip,2597.75,1,2627.25,-1479,-1.13,1260.5,0.96,-2427,-1.85,56158,561.58
248,Entry long,2015-03-18,LongDip,2627.25,1,2627.25,-1479,-1.13,1260.5,0.96,-2427,-1.85,56158,561.58
249,Exit long,2015-04-07,Close entry(s) order LongDip,2621.25,1,2606.5,733.5,0.56,1085.5,0.83,-1377,-1.06,56891.5,568.92
249,Entry long,2015-03-30,LongDip,2606.5,1,2606.5,733.5,0.56,1085.5,0.83,-1377,-1.06,56891.5,568.92
250,Exit long,2015-04-26,Close entry(s) order LongDip,2650,1,2621.25,1433.5,1.09,2198,1.68,-14.5,-0.01,58325,583.25
250,Entry long,2015-04-16,LongDip,2621.25,1,2621.25,1433.5,1.09,2198,1.68,-14.5,-0.01,58325,583.25
251,Exit long,2015-05-06,Close entry(s) order LongDip,2629.5,1,2644.75,-766.5,-0.58,785.5,0.59,-2114.5,-1.60,57558.5,575.58
251,Entry long,2015-04-28,LongDip,2644.75,1,2644.75,-766.5,-0.58,785.5,0.59,-2114.5,-1.60,57558.5,575.58
252,Exit long,2015-05-18,Close entry(s) order LongDip,2669.75,1,2643.5,1308.5,0.99,1798,1.36,-939.5,-0.71,58867,588.67
252,Entry long,2015-05-10,LongDip,2643.5,1,2643.5,1308.5,0.99,1798,1.36,-939.5,-0.71,58867,588.67
253,Exit long,2015-06-02,Close entry(s) order LongDip,2661.25,1,2650.75,521,0.39,948,0.72,-564.5,-0.43,59388,593.88
253,Entry long,2015-05-24,LongDip,2650.75,1,2650.75,521,0.39,948,0.72,-564.5,-0.43,59388,593.88
254,Exit long,2015-06-11,Close entry(s) order LongDip,2638.25,1,2644.75,-329,-0.25,773,0.58,-1527,-1.15,59059,590.59
254,Entry long,2015-06-03,LongDip,2644.75,1,2644.75,-329,-0.25,773,0.58,-1527,-1.15,59059,590.59
255,Exit long,2015-06-28,Close entry(s) order LongDip,2604.25,1,2652,-2391.5,-1.80,1198,0.90,-2539.5,-1.92,56667.5,566.68
255,Entry long,2015-06-18,LongDip,2652,1,2652,-2391.5,-1.80,1198,0.90,-2539.5,-1.92,56667.5,566.68
256,Exit long,2015-07-15,Close entry(s) order LongDip,2670.75,1,2593.5,3858.5,2.98,3948,3.04,-64.5,-0.05,60526,605.26
256,Entry long,2015-07-07,LongDip,2593.5,1,2593.5,3858.5,2.98,3948,3.04,-64.5,-0.05,60526,605.26
257,Exit long,2015-08-02,Close entry(s) order LongDip,2644.75,1,2631.75,646,0.49,1573,1.20,-1064.5,-0.81,61172,611.72
257,Entry long,2015-07-23,LongDip,2631.75,1,2631.75,646,0.49,1573,1.20,-1064.5,-0.81,61172,611.72
258,Exit long,2015-08-13,Close entry(s) order LongDip,2643.25,1,2633.75,471,0.36,1098,0.83,-1664.5,-1.26,61643,616.43
258,Entry long,2015-08-05,LongDip,2633.75,1,2633.75,471,0.36,1098,0.83,-1664.5,-1.26,61643,616.43
259,Exit long,2015-08-19,Close entry(s) order LongDip,2579.25,1,2627,-2391.5,-1.82,235.5,0.18,-2427,-1.85,59251.5,592.52
259,Entry long,2015-08-18,LongDip,2627,1,2627,-2391.5,-1.82,235.5,0.18,-2427,-1.85,59251.5,592.52
260,Exit long,2015-11-12,Close entry(s) order LongDip,2582.25,1,2637.25,-2754,-2.09,698,0.53,-3089.5,-2.34,56497.5,564.98
260,Entry long,2015-11-08,LongDip,2637.25,1,2637.25,-2754,-2.09,698,0.53,-3089.5,-2.34,56497.5,564.98
261,Exit long,2015-12-09,Close entry(s) order LongDip,2613,1,2645.75,-1641.5,-1.24,685.5,0.52,-2377,-1.80,54856,548.56
261,Entry long,2015-12-01,LongDip,2645.75,1,2645.75,-1641.5,-1.24,685.5,0.52,-2377,-1.80,54856,548.56
262,Exit long,2016-01-05,Close entry(s) order LongDip,2558.75,1,2627.75,-3454,-2.63,148,0.11,-4214.5,-3.21,51402,514.02
262,Entry long,2015-12-29,LongDip,2627.75,1,2627.75,-3454,-2.63,148,0.11,-4214.5,-3.21,51402,514.02
263,Exit long,2016-03-31,Close entry(s) order LongDip,2647.25,1,2611.5,1783.5,1.37,1898,1.45,-839.5,-0.64,53185.5,531.86
263,Entry long,2016-03-22,LongDip,2611.5,1,2611.5,1783.5,1.37,1898,1.45,-839.5,-0.64,53185.5,531.86
264,Exit long,2016-04-12,Close entry(s) order LongDip,2658.25,1,2621.5,1833.5,1.40,1898,1.45,-652,-0.50,55019,550.19
264,Entry long,2016-04-04,LongDip,2621.5,1,2621.5,1833.5,1.40,1898,1.45,-652,-0.50,55019,550.19
265,Exit long,2016-04-28,Close entry(s) order LongDip,2641.25,1,2665.5,-1216.5,-0.91,560.5,0.42,-1864.5,-1.40,53802.5,538.03
265,Entry long,2016-04-20,LongDip,2665.5,1,2665.5,-1216.5,-0.91,560.5,0.42,-1864.5,-1.40,53802.5,538.03
266,Exit long,2016-05-10,Close entry(s) order LongDip,2640.25,1,2639.75,21,0.02,1123,0.85,-1339.5,-1.01,53823.5,538.24
266,Entry long,2016-05-02,LongDip,2639.75,1,2639.75,21,0.02,1123,0.85,-1339.5,-1.01,53823.5,538.24
267,Exit long,2016-05-22,Close entry(s) order LongDip,2627.5,1,2626.25,58.5,0.04,1285.5,0.98,-1089.5,-0.83,53882,538.82
267,Entry long,2016-05-12,LongDip,2626.25,1,2626.25,58.5,0.04,1285.5,0.98,-1089.5,-0.83,53882,538.82
268,Exit long,2016-06-19,Close entry(s) order LongDip,2665.5,1,2679,-679,-0.51,248,0.19,-2339.5,-1.75,53203,532.03
268,Entry long,2016-06-09,LongDip,2679,1,2679,-679,-0.51,248,0.19,-2339.5,-1.75,53203,532.03
269,Exit long,2016-07-03,Close entry(s) order LongDip,2674,1,2610.25,3183.5,2.44,4298,3.29,-1864.5,-1.43,56386.5,563.87
269,Entry long,2016-06-23,LongDip,2610.25,1,2610.25,3183.5,2.44,4298,3.29,-1864.5,-1.43,56386.5,563.87
270,Exit long,2016-08-09,Close entry(s) order LongDip,2764,1,2744.5,971,0.71,1523,1.11,-389.5,-0.28,57357.5,573.58
270,Entry long,2016-08-01,LongDip,2744.5,1,2744.5,971,0.71,1523,1.11,-389.5,-0.28,57357.5,573.58
271,Exit long,2016-09-18,Close entry(s) order LongDip,2730.75,1,2714.5,808.5,0.60,1985.5,1.46,-802,-0.59,58166,581.66
271,Entry long,2016-09-08,LongDip,2714.5,1,2714.5,808.5,0.60,1985.5,1.46,-802,-0.59,58166,581.66
272,Exit long,2016-10-03,Close entry(s) order LongDip,2742.5,1,2738,221,0.16,1410.5,1.03,-364.5,-0.27,58387,583.87
272,Entry long,2016-09-25,LongDip,2738,1,2738,221,0.16,1410.5,1.03,-364.5,-0.27,58387,583.87
273,Exit long,2016-10-18,Close entry(s) order LongDip,2735.75,1,2732.75,146,0.11,423,0.31,-1352,-0.99,58533,585.33
273,Entry long,2016-10-10,LongDip,2732.75,1,2732.75,146,0.11,423,0.31,-1352,-0.99,58533,585.33
274,Exit long,2016-11-08,Close entry(s) order LongDip,2758,1,2702,2796,2.07,3135.5,2.32,-3777,-2.80,61329,613.29
274,Entry long,2016-10-31,LongDip,2702,1,2702,2796,2.07,3135.5,2.32,-3777,-2.80,61329,613.29
275,Exit long,2016-12-21,Close entry(s) order LongDip,2862,1,2855.75,308.5,0.22,860.5,0.60,-252,-0.18,61637.5,616.38
275,Entry long,2016-12-13,LongDip,2855.75,1,2855.75,308.5,0.22,860.5,0.60,-252,-0.18,61637.5,616.38
276,Exit long,2017-01-05,Close entry(s) order LongDip,2874.75,1,2849,1283.5,0.90,1573,1.10,-877,-0.62,62921,629.21
276,Entry long,2016-12-27,LongDip,2849,1,2849,1283.5,0.90,1573,1.10,-877,-0.62,62921,629.21
277,Exit long,2017-02-06,Close entry(s) order LongDip,2891.75,1,2879.75,596,0.41,935.5,0.65,-702,-0.49,63517,635.17
277,Entry long,2017-01-29,LongDip,2879.75,1,2879.75,596,0.41,935.5,0.65,-702,-0.49,63517,635.17
278,Exit long,2017-03-28,Close entry(s) order LongDip,2963.5,1,2949.25,708.5,0.48,898,0.61,-1239.5,-0.84,64225.5,642.26
278,Entry long,2017-03-20,LongDip,2949.25,1,2949.25,708.5,0.48,898,0.61,-1239.5,-0.84,64225.5,642.26
279,Exit long,2017-04-23,Close entry(s) order LongDip,2976.5,1,2934.5,2096,1.43,2448,1.67,-252,-0.17,66321.5,663.22
279,Entry long,2017-04-12,LongDip,2934.5,1,2934.5,2096,1.43,2448,1.67,-252,-0.17,66321.5,663.22
280,Exit long,2017-05-24,Close entry(s) order LongDip,3020,1,2964.5,2771,1.87,2998,2.02,-664.5,-0.45,69092.5,690.93
280,Entry long,2017-05-16,LongDip,2964.5,1,2964.5,2771,1.87,2998,2.02,-664.5,-0.45,69092.5,690.93
281,Exit long,2017-07-05,Close entry(s) order LongDip,3017,1,3029.5,-629,-0.42,1210.5,0.80,-927,-0.61,68463.5,684.64
281,Entry long,2017-06-26,LongDip,3029.5,1,3029.5,-629,-0.42,1210.5,0.80,-927,-0.61,68463.5,684.64
282,Exit long,2017-08-17,Close entry(s) order LongDip,3035.25,1,3046.5,-566.5,-0.37,1810.5,1.19,-914.5,-0.60,67897,678.97
282,Entry long,2017-08-09,LongDip,3046.5,1,3046.5,-566.5,-0.37,1810.5,1.19,-914.5,-0.60,67897,678.97
283,Exit long,2017-09-12,Close entry(s) order LongDip,3105,1,3068.75,1808.5,1.18,1860.5,1.21,-177,-0.12,69705.5,697.06
283,Entry long,2017-09-03,LongDip,3068.75,1,3068.75,1808.5,1.18,1860.5,1.21,-177,-0.12,69705.5,697.06
284,Exit long,2017-11-22,Close entry(s) order LongDip,3211.25,1,3175.75,1771,1.12,1885.5,1.19,-152,-0.10,71476.5,714.77
284,Entry long,2017-11-14,LongDip,3175.75,1,3175.75,1771,1.12,1885.5,1.19,-152,-0.10,71476.5,714.77
285,Exit long,2018-02-01,Close entry(s) order LongDip,3364,1,3461.25,-4866.5,-2.81,210.5,0.12,-4927,-2.85,66610,666.10
285,Entry long,2018-01-28,LongDip,3461.25,1,3461.25,-4866.5,-2.81,210.5,0.12,-4927,-2.85,66610,666.10
286,Exit long,2018-02-12,Close entry(s) order LongDip,3269,1,3215.5,2671,1.66,5935.5,3.69,-3952,-2.46,69281,692.81
286,Entry long,2018-02-04,LongDip,3215.5,1,3215.5,2671,1.66,5935.5,3.69,-3952,-2.46,69281,692.81
287,Exit long,2018-02-27,Close entry(s) order LongDip,3321.75,1,3321.75,-4,0.00,3773,2.27,-1614.5,-0.97,69277,692.77
287,Entry long,2018-02-18,LongDip,3321.75,1,3321.75,-4,0.00,3773,2.27,-1614.5,-0.97,69277,692.77
288,Exit long,2018-03-08,Close entry(s) order LongDip,3391.25,1,3286,5258.5,3.20,5423,3.30,-1577,-0.96,74535.5,745.36
288,Entry long,2018-02-28,LongDip,3286,1,3286,5258.5,3.20,5423,3.30,-1577,-0.96,74535.5,745.36
289,Exit long,2018-03-20,Close entry(s) order LongDip,3320.5,1,3375.5,-2754,-1.63,523,0.31,-3789.5,-2.25,71781.5,717.82
289,Entry long,2018-03-12,LongDip,3375.5,1,3375.5,-2754,-1.63,523,0.31,-3789.5,-2.25,71781.5,717.82
290,Exit long,2018-04-01,Close entry(s) order LongDip,3177.25,1,3246,-3441.5,-2.12,1810.5,1.12,-4577,-2.82,68340,683.40
290,Entry long,2018-03-21,LongDip,3246,1,3246,-3441.5,-2.12,1810.5,1.12,-4577,-2.82,68340,683.40
291,Exit long,2018-04-15,Close entry(s) order LongDip,3284,1,3208.5,3771,2.35,4048,2.52,-14.5,-0.01,72111,721.11
291,Entry long,2018-04-05,LongDip,3208.5,1,3208.5,3771,2.35,4048,2.52,-14.5,-0.01,72111,721.11
292,Exit long,2018-04-26,Close entry(s) order LongDip,3273.75,1,3295.75,-1104,-0.67,248,0.15,-4102,-2.49,71007,710.07
292,Entry long,2018-04-18,LongDip,3295.75,1,3295.75,-1104,-0.67,248,0.15,-4102,-2.49,71007,710.07
293,Exit long,2018-05-07,Close entry(s) order LongDip,3272.5,1,3249.75,1133.5,0.70,1710.5,1.05,-2802,-1.72,72140.5,721.41
293,Entry long,2018-04-29,LongDip,3249.75,1,3249.75,1133.5,0.70,1710.5,1.05,-2802,-1.72,72140.5,721.41
294,Exit long,2018-05-22,Close entry(s) order LongDip,3333,1,3311.75,1058.5,0.64,1623,0.98,-239.5,-0.14,73199,731.99
294,Entry long,2018-05-14,LongDip,3311.75,1,3311.75,1058.5,0.64,1623,0.98,-239.5,-0.14,73199,731.99
295,Exit long,2018-06-05,Close entry(s) order LongDip,3374.5,1,3295,3971,2.41,4110.5,2.49,-339.5,-0.21,77170,771.70
295,Entry long,2018-05-27,LongDip,3295,1,3295,3971,2.41,4110.5,2.49,-339.5,-0.21,77170,771.70
296,Exit long,2018-06-26,Close entry(s) order LongDip,3303.5,1,3351.5,-2404,-1.43,785.5,0.47,-2614.5,-1.56,74766,747.66
296,Entry long,2018-06-20,LongDip,3351.5,1,3351.5,-2404,-1.43,785.5,0.47,-2614.5,-1.56,74766,747.66
297,Exit long,2018-07-11,Close entry(s) order LongDip,3397,1,3312.25,4233.5,2.56,4373,2.64,-139.5,-0.08,78999.5,790.00
297,Entry long,2018-07-02,LongDip,3312.25,1,3312.25,4233.5,2.56,4373,2.64,-139.5,-0.08,78999.5,790.00
298,Exit long,2018-08-05,Close entry(s) order LongDip,3448.5,1,3416.5,1596,0.93,1785.5,1.05,-1339.5,-0.78,80595.5,805.96
298,Entry long,2018-07-26,LongDip,3416.5,1,3416.5,1596,0.93,1785.5,1.05,-1339.5,-0.78,80595.5,805.96
299,Exit long,2018-08-19,Close entry(s) order LongDip,3457,1,3435.75,1058.5,0.62,1185.5,0.69,-1702,-0.99,81654,816.54
299,Entry long,2018-08-09,LongDip,3435.75,1,3435.75,1058.5,0.62,1185.5,0.69,-1702,-0.99,81654,816.54
300,Exit long,2018-09-24,Close entry(s) order LongDip,3514.75,1,3490,1233.5,0.71,2535.5,1.45,-639.5,-0.37,82887.5,828.88
300,Entry long,2018-09-16,LongDip,3490,1,3490,1233.5,0.71,2535.5,1.45,-639.5,-0.37,82887.5,828.88
301,Exit long,2018-10-09,Close entry(s) order LongDip,3374.5,1,3501.75,-6366.5,-3.64,373,0.21,-6827,-3.90,76521,765.21
301,Entry long,2018-10-03,LongDip,3501.75,1,3501.75,-6366.5,-3.64,373,0.21,-6827,-3.90,76521,765.21
302,Exit long,2018-11-13,Close entry(s) order LongDip,3292,1,3373,-4054,-2.40,798,0.47,-4652,-2.76,72467,724.67
302,Entry long,2018-11-08,LongDip,3373,1,3373,-4054,-2.40,798,0.47,-4652,-2.76,72467,724.67
303,Exit long,2019-03-13,Close entry(s) order LongDip,3397.5,1,3362.25,1758.5,1.05,2485.5,1.48,-2489.5,-1.48,74225.5,742.26
303,Entry long,2019-03-05,LongDip,3362.25,1,3362.25,1758.5,1.05,2485.5,1.48,-2489.5,-1.48,74225.5,742.26
304,Exit long,2019-03-31,Close entry(s) order LongDip,3455.75,1,3396.5,2958.5,1.74,3123,1.84,-1077,-0.63,77184,771.84
304,Entry long,2019-03-21,LongDip,3396.5,1,3396.5,2958.5,1.74,3123,1.84,-1077,-0.63,77184,771.84
305,Exit long,2019-04-16,Close entry(s) order LongDip,3485.75,1,3468.25,871,0.50,2035.5,1.17,-239.5,-0.14,78055,780.55
305,Entry long,2019-04-08,LongDip,3468.25,1,3468.25,871,0.50,2035.5,1.17,-239.5,-0.14,78055,780.55
306,Exit long,2019-05-08,Close entry(s) order LongDip,3458,1,3508.75,-2541.5,-1.45,1310.5,0.75,-4352,-2.48,75513.5,755.14
306,Entry long,2019-04-30,LongDip,3508.75,1,3508.75,-2541.5,-1.45,1310.5,0.75,-4352,-2.48,75513.5,755.14
307,Exit long,2019-05-20,Close entry(s) order LongDip,3451.25,1,3392.75,2921,1.72,4335.5,2.56,-377,-0.22,78434.5,784.35
307,Entry long,2019-05-12,LongDip,3392.75,1,3392.75,2921,1.72,4335.5,2.56,-377,-0.22,78434.5,784.35
308,Exit long,2019-05-30,Close entry(s) order LongDip,3337.75,1,3405.25,-3379,-1.98,1110.5,0.65,-3489.5,-2.05,75055.5,750.56
308,Entry long,2019-05-22,LongDip,3405.25,1,3405.25,-3379,-1.98,1110.5,0.65,-3489.5,-2.05,75055.5,750.56
309,Exit long,2019-07-02,Close entry(s) order LongDip,3581.25,1,3503.5,3883.5,2.22,3960.5,2.26,-389.5,-0.22,78939,789.39
309,Entry long,2019-06-24,LongDip,3503.5,1,3503.5,3883.5,2.22,3960.5,2.26,-389.5,-0.22,78939,789.39
310,Exit long,2019-07-24,Close entry(s) order LongDip,3587.5,1,3566.5,1046,0.59,2123,1.19,-789.5,-0.44,79985,799.85
310,Entry long,2019-07-16,LongDip,3566.5,1,3566.5,1046,0.59,2123,1.19,-789.5,-0.44,79985,799.85
311,Exit long,2019-08-01,Close entry(s) order LongDip,3513.5,1,3563.75,-2516.5,-1.41,1585.5,0.89,-3452,-1.94,77468.5,774.69
311,Entry long,2019-07-30,LongDip,3563.75,1,3563.75,-2516.5,-1.41,1585.5,0.89,-3452,-1.94,77468.5,774.69
312,Exit long,2019-08-12,Close entry(s) order LongDip,3513,1,3411.5,5071,2.97,5698,3.34,-2727,-1.60,82539.5,825.40
312,Entry long,2019-08-04,LongDip,3411.5,1,3411.5,5071,2.97,5698,3.34,-2727,-1.60,82539.5,825.40
313,Exit long,2019-08-21,Close entry(s) order LongDip,3503.25,1,3422.25,4046,2.36,4935.5,2.88,-1164.5,-0.68,86585.5,865.86
313,Entry long,2019-08-13,LongDip,3422.25,1,3422.25,4046,2.36,4935.5,2.88,-1164.5,-0.68,86585.5,865.86
314,Exit long,2019-09-01,Close entry(s) order LongDip,3487,1,3437,2496,1.45,4535.5,2.64,-2277,-1.32,89081.5,890.82
314,Entry long,2019-08-22,LongDip,3437,1,3437,2496,1.45,4535.5,2.64,-2277,-1.32,89081.5,890.82
315,Exit long,2019-09-29,Close entry(s) order LongDip,3557,1,3568.5,-579,-0.32,1123,0.63,-2177,-1.22,88502.5,885.03
315,Entry long,2019-09-19,LongDip,3568.5,1,3568.5,-579,-0.32,1123,0.63,-2177,-1.22,88502.5,885.03
316,Exit long,2019-10-08,Close entry(s) order LongDip,3497.5,1,3516.75,-966.5,-0.55,1073,0.61,-4152,-2.36,87536,875.36
316,Entry long,2019-09-30,LongDip,3516.75,1,3516.75,-966.5,-0.55,1073,0.61,-4152,-2.36,87536,875.36
317,Exit long,2019-12-09,Close entry(s) order LongDip,3714.5,1,3693.25,1058.5,0.57,1823,0.99,-2252,-1.22,88594.5,885.95
317,Entry long,2019-12-01,LongDip,3693.25,1,3693.25,1058.5,0.57,1823,0.99,-2252,-1.22,88594.5,885.95
318,Exit long,2020-01-12,Close entry(s) order LongDip,3864,1,3810.25,2683.5,1.41,2760.5,1.45,-2739.5,-1.44,91278,912.78
318,Entry long,2020-01-02,LongDip,3810.25,1,3810.25,2683.5,1.41,2760.5,1.45,-2739.5,-1.44,91278,912.78
319,Exit long,2020-01-26,Close entry(s) order LongDip,3813.75,1,3868.25,-2729,-1.41,0,0.00,-3039.5,-1.57,88549,885.49
319,Entry long,2020-01-23,LongDip,3868.25,1,3868.25,-2729,-1.41,0,0.00,-3039.5,-1.57,88549,885.49
320,Exit long,2020-02-09,Close entry(s) order LongDip,3927.25,1,3798.75,6421,3.38,6673,3.51,-114.5,-0.06,94970,949.70
320,Entry long,2020-01-30,LongDip,3798.75,1,3798.75,6421,3.38,6673,3.51,-114.5,-0.06,94970,949.70
321,Exit long,2020-02-23,Close entry(s) order LongDip,3800.5,1,3944,-7179,-3.64,0,0.00,-7789.5,-3.95,87791,877.91
321,Entry long,2020-02-19,LongDip,3944,1,3944,-7179,-3.64,0,0.00,-7789.5,-3.95,87791,877.91
322,Exit long,2020-02-26,Close entry(s) order LongDip,3531.25,1,3707.25,-8804,-4.75,2460.5,1.33,-9414.5,-5.08,78987,789.87
322,Entry long,2020-02-24,LongDip,3707.25,1,3707.25,-8804,-4.75,2460.5,1.33,-9414.5,-5.08,78987,789.87
323,Exit long,2020-08-02,Close entry(s) order LongDip,3884.75,1,3800.75,4196,2.21,4560.5,2.40,-614.5,-0.32,83183,831.83
323,Entry long,2020-07-23,LongDip,3800.75,1,3800.75,4196,2.21,4560.5,2.40,-614.5,-0.32,83183,831.83
324,Exit long,2020-08-18,Close entry(s) order LongDip,3969,1,3926.75,2108.5,1.07,3273,1.67,-202,-0.10,85291.5,852.92
324,Entry long,2020-08-10,LongDip,3926.75,1,3926.75,2108.5,1.07,3273,1.67,-202,-0.10,85291.5,852.92
325,Exit long,2020-09-06,Close entry(s) order LongDip,3931.75,1,4058.25,-6329,-3.12,1123,0.55,-6714.5,-3.31,78962.5,789.63
325,Entry long,2020-09-02,LongDip,4058.25,1,4058.25,-6329,-3.12,1123,0.55,-6714.5,-3.31,78962.5,789.63
326,Exit long,2020-09-17,Close entry(s) order LongDip,3922.75,1,3937.25,-729,-0.37,4448,2.26,-2489.5,-1.26,78233.5,782.33
326,Entry long,2020-09-09,LongDip,3937.25,1,3937.25,-729,-0.37,4448,2.26,-2489.5,-1.26,78233.5,782.33
327,Exit long,2020-09-28,Close entry(s) order LongDip,3940.25,1,3882,2908.5,1.50,4385.5,2.26,-3864.5,-1.99,81142,811.42
327,Entry long,2020-09-20,LongDip,3882,1,3882,2908.5,1.50,4385.5,2.26,-3864.5,-1.99,81142,811.42
328,Exit long,2020-10-11,Close entry(s) order LongDip,4139.25,1,3946.25,9646,4.89,10073,5.11,-452,-0.23,90788,907.88
328,Entry long,2020-10-01,LongDip,3946.25,1,3946.25,9646,4.89,10073,5.11,-452,-0.23,90788,907.88
329,Exit long,2020-10-20,Close entry(s) order LongDip,4039,1,4111.75,-3641.5,-1.77,948,0.46,-4714.5,-2.29,87146.5,871.47
329,Entry long,2020-10-12,LongDip,4111.75,1,4111.75,-3641.5,-1.77,948,0.46,-4714.5,-2.29,87146.5,871.47
330,Exit long,2020-10-27,Close entry(s) order LongDip,3870,1,4000.5,-6529,-3.26,810.5,0.41,-6652,-3.33,80617.5,806.18
330,Entry long,2020-10-25,LongDip,4000.5,1,4000.5,-6529,-3.26,810.5,0.41,-6652,-3.33,80617.5,806.18
331,Exit long,2020-11-08,Close entry(s) order LongDip,4150.5,1,3871.75,13933.5,7.20,20148,10.41,-1089.5,-0.56,94551,945.51
331,Entry long,2020-10-29,LongDip,3871.75,1,3871.75,13933.5,7.20,20148,10.41,-1089.5,-0.56,94551,945.51
332,Exit long,2020-11-25,Close entry(s) order LongDip,4243,1,4172,3546,1.70,4485.5,2.15,-1152,-0.55,98097,980.97
332,Entry long,2020-11-17,LongDip,4172,1,4172,3546,1.70,4485.5,2.15,-1152,-0.55,98097,980.97
333,Exit long,2020-12-16,Close entry(s) order LongDip,4325.75,1,4279.5,2308.5,1.08,2560.5,1.20,-2227,-1.04,100405.5,1004.06
333,Entry long,2020-12-08,LongDip,4279.5,1,4279.5,2308.5,1.08,2560.5,1.20,-2227,-1.04,100405.5,1004.06
334,Exit long,2020-12-29,Close entry(s) order LongDip,4337.25,1,4299.25,1896,0.88,3085.5,1.44,-1752,-0.82,102301.5,1023.02
334,Entry long,2020-12-20,LongDip,4299.25,1,4299.25,1896,0.88,3085.5,1.44,-1752,-0.82,102301.5,1023.02
335,Exit long,2021-01-11,Close entry(s) order LongDip,4407.5,1,4305.75,5083.5,2.36,6598,3.06,-964.5,-0.45,107385,1073.85
335,Entry long,2021-01-03,LongDip,4305.75,1,4305.75,5083.5,2.36,6598,3.06,-964.5,-0.45,107385,1073.85
336,Exit long,2021-01-25,Close entry(s) order LongDip,4455.5,1,4375.75,3983.5,1.82,4985.5,2.28,-1102,-0.50,111368.5,1113.69
336,Entry long,2021-01-14,LongDip,4375.75,1,4375.75,3983.5,1.82,4985.5,2.28,-1102,-0.50,111368.5,1113.69
337,Exit long,2021-02-03,Close entry(s) order LongDip,4477.5,1,4357.75,5983.5,2.75,6260.5,2.87,-4402,-2.02,117352,1173.52
337,Entry long,2021-01-26,LongDip,4357.75,1,4357.75,5983.5,2.75,6260.5,2.87,-4402,-2.02,117352,1173.52
338,Exit long,2021-02-25,Close entry(s) order LongDip,4422.25,1,4523,-5041.5,-2.23,1235.5,0.55,-6239.5,-2.76,112310.5,1123.11
338,Entry long,2021-02-17,LongDip,4523,1,4523,-5041.5,-2.23,1235.5,0.55,-6239.5,-2.76,112310.5,1123.11
339,Exit long,2021-03-03,Close entry(s) order LongDip,4378.5,1,4481,-5129,-2.29,1510.5,0.67,-7364.5,-3.29,107181.5,1071.82
339,Entry long,2021-03-01,LongDip,4481,1,4481,-5129,-2.29,1510.5,0.67,-7364.5,-3.29,107181.5,1071.82
340,Exit long,2021-03-15,Close entry(s) order LongDip,4574.75,1,4432.75,7096,3.20,8023,3.62,-14.5,-0.01,114277.5,1142.77
340,Entry long,2021-03-07,LongDip,4432.75,1,4432.75,7096,3.20,8023,3.62,-14.5,-0.01,114277.5,1142.77
341,Exit long,2021-03-25,Close entry(s) order LongDip,4587,1,4528.75,2908.5,1.28,3085.5,1.36,-3152,-1.39,117186,1171.86
341,Entry long,2021-03-17,LongDip,4528.75,1,4528.75,2908.5,1.28,3085.5,1.36,-3152,-1.39,117186,1171.86
342,Exit long,2021-04-26,Close entry(s) order LongDip,4801.25,1,4778.25,1146,0.48,1835.5,0.77,-2264.5,-0.95,118332,1183.32
342,Entry long,2021-04-18,LongDip,4778.25,1,4778.25,1146,0.48,1835.5,0.77,-2264.5,-0.95,118332,1183.32
343,Exit long,2021-05-09,Close entry(s) order LongDip,4805.75,1,4797.25,421,0.18,3173,1.32,-2714.5,-1.13,118753,1187.53
343,Entry long,2021-04-29,LongDip,4797.25,1,4797.25,421,0.18,3173,1.32,-2714.5,-1.13,118753,1187.53
344,Exit long,2021-05-11,Close entry(s) order LongDip,4681,1,4769,-4404,-1.85,198,0.08,-4777,-2.00,114349,1143.49
344,Entry long,2021-05-10,LongDip,4769,1,4769,-4404,-1.85,198,0.08,-4777,-2.00,114349,1143.49
345,Exit long,2021-05-25,Close entry(s) order LongDip,4815.25,1,4745.75,3471,1.46,4473,1.89,-3389.5,-1.43,117820,1178.20
345,Entry long,2021-05-17,LongDip,4745.75,1,4745.75,3471,1.46,4473,1.89,-3389.5,-1.43,117820,1178.20
346,Exit long,2021-06-23,Close entry(s) order LongDip,4887.25,1,4844.75,2121,0.88,2523,1.04,-4327,-1.79,119941,1199.41
346,Entry long,2021-06-15,LongDip,4844.75,1,4844.75,2121,0.88,2523,1.04,-4327,-1.79,119941,1199.41
347,Exit long,2021-07-15,Close entry(s) order LongDip,4949.75,1,4944.75,246,0.10,3560.5,1.44,-1002,-0.41,120187,1201.87
347,Entry long,2021-07-07,LongDip,4944.75,1,4944.75,246,0.10,3560.5,1.44,-1002,-0.41,120187,1201.87
348,Exit long,2021-07-26,Close entry(s) order LongDip,5025.75,1,4883,7133.5,2.92,8260.5,3.38,-14.5,-0.01,127320.5,1273.21
348,Entry long,2021-07-18,LongDip,4883,1,4883,7133.5,2.92,8260.5,3.38,-14.5,-0.01,127320.5,1273.21
349,Exit long,2021-08-08,Close entry(s) order LongDip,5057,1,5021.25,1783.5,0.71,2173,0.87,-1227,-0.49,129104,1291.04
349,Entry long,2021-07-29,LongDip,5021.25,1,5021.25,1783.5,0.71,2173,0.87,-1227,-0.49,129104,1291.04
350,Exit long,2021-08-24,Close entry(s) order LongDip,5124.25,1,5075.25,2446,0.96,2710.5,1.07,-4802,-1.89,131550,1315.50
350,Entry long,2021-08-16,LongDip,5075.25,1,5075.25,2446,0.96,2710.5,1.07,-4802,-1.89,131550,1315.50
351,Exit long,2021-09-02,Close entry(s) order LongDip,5165.75,1,5098.25,3371,1.32,4135.5,1.62,-227,-0.09,134921,1349.21
351,Entry long,2021-08-25,LongDip,5098.25,1,5098.25,3371,1.32,4135.5,1.62,-227,-0.09,134921,1349.21
352,Exit long,2021-09-19,Close entry(s) order LongDip,4989,1,5090,-5054,-1.99,1710.5,0.67,-7764.5,-3.05,129867,1298.67
352,Entry long,2021-09-09,LongDip,5090,1,5090,-5054,-1.99,1710.5,0.67,-7764.5,-3.05,129867,1298.67
353,Exit long,2021-10-05,Close entry(s) order LongDip,4994.75,1,4984.75,496,0.20,2260.5,0.91,-4189.5,-1.68,130363,1303.63
353,Entry long,2021-09-27,LongDip,4984.75,1,4984.75,496,0.20,2260.5,0.91,-4189.5,-1.68,130363,1303.63
354,Exit long,2021-10-18,Close entry(s) order LongDip,5152,1,4992.25,7983.5,3.20,8310.5,3.33,-1702,-0.68,138346.5,1383.47
354,Entry long,2021-10-10,LongDip,4992.25,1,4992.25,7983.5,3.20,8310.5,3.33,-1702,-0.68,138346.5,1383.47
355,Exit long,2021-11-17,Close entry(s) order LongDip,5342.25,1,5283.25,2946,1.12,3373,1.28,-214.5,-0.08,141292.5,1412.93
355,Entry long,2021-11-09,LongDip,5283.25,1,5283.25,2946,1.12,3373,1.28,-214.5,-0.08,141292.5,1412.93
356,Exit long,2021-12-05,Close entry(s) order LongDip,5230.75,1,5237,-316.5,-0.12,3685.5,1.41,-5202,-1.99,140976,1409.76
356,Entry long,2021-11-24,LongDip,5237,1,5237,-316.5,-0.12,3685.5,1.41,-5202,-1.99,140976,1409.76
357,Exit long,2021-12-16,Close entry(s) order LongDip,5260,1,5308.25,-2416.5,-0.91,4260.5,1.61,-3402,-1.28,138559.5,1385.60
357,Entry long,2021-12-08,LongDip,5308.25,1,5308.25,-2416.5,-0.91,4260.5,1.61,-3402,-1.28,138559.5,1385.60
358,Exit long,2021-12-28,Close entry(s) order LongDip,5434.5,1,5209,11271,4.33,11960.5,4.59,-14.5,-0.01,149830.5,1498.31
358,Entry long,2021-12-19,LongDip,5209,1,5209,11271,4.33,11960.5,4.59,-14.5,-0.01,149830.5,1498.31
359,Exit long,2022-01-12,Close entry(s) order LongDip,5302,1,5343,-2054,-0.77,2335.5,0.87,-6002,-2.25,147776.5,1477.77
359,Entry long,2022-01-04,LongDip,5343,1,5343,-2054,-0.77,2335.5,0.87,-6002,-2.25,147776.5,1477.77
360,Exit long,2022-01-20,Close entry(s) order LongDip,5040,1,5221.75,-9091.5,-3.48,1573,0.60,-9514.5,-3.64,138685,1386.85
360,Entry long,2022-01-16,LongDip,5221.75,1,5221.75,-9091.5,-3.48,1573,0.60,-9514.5,-3.64,138685,1386.85
361,Exit long,2022-02-17,Close entry(s) order LongDip,4993.5,1,5148,-7729,-3.00,1135.5,0.44,-8839.5,-3.43,130956,1309.56
361,Entry long,2022-02-09,LongDip,5148,1,5148,-7729,-3.00,1135.5,0.44,-8839.5,-3.43,130956,1309.56
362,Exit long,2022-04-12,Close entry(s) order LongDip,5100.75,1,5179.25,-3929,-1.52,410.5,0.16,-7252,-2.80,127027,1270.27
362,Entry long,2022-04-04,LongDip,5179.25,1,5179.25,-3929,-1.52,410.5,0.16,-7252,-2.80,127027,1270.27
363,Exit long,2023-02-06,Close entry(s) order LongDip,4778.75,1,4636,7133.5,3.08,8785.5,3.79,-1264.5,-0.55,134160.5,1341.61
363,Entry long,2023-01-29,LongDip,4636,1,4636,7133.5,3.08,8785.5,3.79,-1264.5,-0.55,134160.5,1341.61
364,Exit long,2023-02-15,Close entry(s) order LongDip,4702.75,1,4734,-1566.5,-0.66,2785.5,1.18,-3502,-1.48,132594,1325.94
364,Entry long,2023-02-07,LongDip,4734,1,4734,-1566.5,-0.66,2785.5,1.18,-3502,-1.48,132594,1325.94
365,Exit long,2023-02-28,Close entry(s) order LongDip,4559.5,1,4609.25,-2491.5,-1.08,1410.5,0.61,-3152,-1.37,130102.5,1301.02
365,Entry long,2023-02-19,LongDip,4609.25,1,4609.25,-2491.5,-1.08,1410.5,0.61,-3152,-1.37,130102.5,1301.02
366,Exit long,2023-03-09,Close entry(s) order LongDip,4465.75,1,4593.25,-6379,-2.78,1485.5,0.65,-7189.5,-3.13,123723.5,1237.24
366,Entry long,2023-03-06,LongDip,4593.25,1,4593.25,-6379,-2.78,1485.5,0.65,-7189.5,-3.13,123723.5,1237.24
367,Exit long,2023-04-11,Close entry(s) order LongDip,4690,1,4700.5,-529,-0.23,2423,1.03,-1639.5,-0.70,123194.5,1231.95
367,Entry long,2023-04-03,LongDip,4700.5,1,4700.5,-529,-0.23,2423,1.03,-1639.5,-0.70,123194.5,1231.95
368,Exit long,2023-04-27,Close entry(s) order LongDip,4759.5,1,4724,1771,0.75,2048,0.87,-4202,-1.78,124965.5,1249.66
368,Entry long,2023-04-19,LongDip,4724,1,4724,1771,0.75,2048,0.87,-4202,-1.78,124965.5,1249.66
369,Exit long,2023-05-09,Close entry(s) order LongDip,4723,1,4708.25,733.5,0.31,1810.5,0.77,-3739.5,-1.59,125699,1256.99
369,Entry long,2023-05-01,LongDip,4708.25,1,4708.25,733.5,0.31,1810.5,0.77,-3739.5,-1.59,125699,1256.99
370,Exit long,2023-05-23,Close entry(s) order LongDip,4697,1,4694.5,121,0.05,5198,2.21,-464.5,-0.20,125820,1258.20
370,Entry long,2023-05-15,LongDip,4694.5,1,4694.5,121,0.05,5198,2.21,-464.5,-0.20,125820,1258.20
371,Exit long,2023-06-07,Close entry(s) order LongDip,4869.25,1,4762,5358.5,2.25,5748,2.41,-639.5,-0.27,131178.5,1311.79
371,Entry long,2023-05-30,LongDip,4762,1,4762,5358.5,2.25,5748,2.41,-639.5,-0.27,131178.5,1311.79
372,Exit long,2023-06-28,Close entry(s) order LongDip,4961.5,1,4935.5,1296,0.53,1423,0.58,-2052,-0.83,132474.5,1324.75
372,Entry long,2023-06-20,LongDip,4935.5,1,4935.5,1296,0.53,1423,0.58,-2052,-0.83,132474.5,1324.75
373,Exit long,2023-07-13,Close entry(s) order LongDip,5062.5,1,4973.25,4458.5,1.79,5660.5,2.28,-1802,-0.72,136933,1369.33
373,Entry long,2023-07-05,LongDip,4973.25,1,4973.25,4458.5,1.79,5660.5,2.28,-1802,-0.72,136933,1369.33
374,Exit long,2023-07-27,Close entry(s) order LongDip,5132.25,1,5091.75,2021,0.79,3435.5,1.35,-602,-0.24,138954,1389.54
374,Entry long,2023-07-19,LongDip,5091.75,1,5091.75,2021,0.79,3435.5,1.35,-602,-0.24,138954,1389.54
375,Exit long,2023-08-09,Close entry(s) order LongDip,5011.5,1,5063.5,-2604,-1.03,1160.5,0.46,-3202,-1.26,136350,1363.50
375,Entry long,2023-08-01,LongDip,5063.5,1,5063.5,-2604,-1.03,1160.5,0.46,-3202,-1.26,136350,1363.50
376,Exit long,2023-08-22,Close entry(s) order LongDip,4972.75,1,4980.25,-379,-0.15,1098,0.44,-5214.5,-2.09,135971,1359.71
376,Entry long,2023-08-14,LongDip,4980.25,1,4980.25,-379,-0.15,1098,0.44,-5214.5,-2.09,135971,1359.71
377,Exit long,2023-08-31,Close entry(s) order LongDip,5047.25,1,4912.25,6746,2.75,8073,3.29,-1052,-0.43,142717,1427.17
377,Entry long,2023-08-23,LongDip,4912.25,1,4912.25,6746,2.75,8073,3.29,-1052,-0.43,142717,1427.17
378,Exit long,2023-09-13,Close entry(s) order LongDip,5031.5,1,4997.75,1683.5,0.67,2048,0.82,-1877,-0.75,144400.5,1444.01
378,Entry long,2023-09-05,LongDip,4997.75,1,4997.75,1683.5,0.67,2048,0.82,-1877,-0.75,144400.5,1444.01
379,Exit long,2023-09-20,Close entry(s) order LongDip,4848.5,1,4975,-6329,-2.54,810.5,0.33,-6589.5,-2.65,138071.5,1380.72
379,Entry long,2023-09-14,LongDip,4975,1,4975,-6329,-2.54,810.5,0.33,-6589.5,-2.65,138071.5,1380.72
380,Exit long,2023-10-03,Close entry(s) order LongDip,4774.25,1,4791.75,-879,-0.37,2810.5,1.17,-3977,-1.66,137192.5,1371.93
380,Entry long,2023-09-25,LongDip,4791.75,1,4791.75,-879,-0.37,2810.5,1.17,-3977,-1.66,137192.5,1371.93
381,Exit long,2023-10-19,Close entry(s) order LongDip,4725,1,4857.5,-6629,-2.73,2123,0.87,-6864.5,-2.83,130563.5,1305.64
381,Entry long,2023-10-11,LongDip,4857.5,1,4857.5,-6629,-2.73,2123,0.87,-6864.5,-2.83,130563.5,1305.64
382,Exit long,2023-11-16,Close entry(s) order LongDip,5004,1,4839.25,8233.5,3.40,8935.5,3.69,-414.5,-0.17,138797,1387.97
382,Entry long,2023-11-08,LongDip,4839.25,1,4839.25,8233.5,3.40,8935.5,3.69,-414.5,-0.17,138797,1387.97
383,Exit long,2023-12-11,Close entry(s) order LongDip,5121.25,1,5053.5,3383.5,1.34,3623,1.43,-1402,-0.55,142180.5,1421.81
383,Entry long,2023-12-03,LongDip,5053.5,1,5053.5,3383.5,1.34,3623,1.43,-1402,-0.55,142180.5,1421.81
384,Exit long,2023-12-28,Close entry(s) order LongDip,5244,1,5174.25,3483.5,1.35,4573,1.77,-14.5,-0.01,145664,1456.64
384,Entry long,2023-12-19,LongDip,5174.25,1,5174.25,3483.5,1.35,4573,1.77,-14.5,-0.01,145664,1456.64
385,Exit long,2024-01-09,Close entry(s) order LongDip,5244.25,1,5211.75,1621,0.62,2048,0.79,-4277,-1.64,147285,1472.85
385,Entry long,2024-01-01,LongDip,5211.75,1,5211.75,1621,0.62,2048,0.79,-4277,-1.64,147285,1472.85
386,Exit long,2024-01-24,Close entry(s) order LongDip,5347.25,1,5195.75,7571,2.91,8085.5,3.11,-402,-0.15,154856,1548.56
386,Entry long,2024-01-16,LongDip,5195.75,1,5195.75,7571,2.91,8085.5,3.11,-402,-0.15,154856,1548.56
387,Exit long,2024-02-07,Close entry(s) order LongDip,5441.75,1,5295,7333.5,2.77,7460.5,2.82,-14.5,-0.01,162189.5,1621.90
387,Entry long,2024-01-30,LongDip,5295,1,5295,7333.5,2.77,7460.5,2.82,-14.5,-0.01,162189.5,1621.90
388,Exit long,2024-02-21,Close entry(s) order LongDip,5521.75,1,5395.75,6296,2.33,6810.5,2.52,-627,-0.23,168485.5,1684.86
388,Entry long,2024-02-12,LongDip,5395.75,1,5395.75,6296,2.33,6810.5,2.52,-627,-0.23,168485.5,1684.86
389,Exit long,2024-03-12,Close entry(s) order LongDip,5593.75,1,5510.25,4171,1.51,5348,1.94,-114.5,-0.04,172656.5,1726.57
389,Entry long,2024-03-04,LongDip,5510.25,1,5510.25,4171,1.51,5348,1.94,-114.5,-0.04,172656.5,1726.57
390,Exit long,2024-03-24,Close entry(s) order LongDip,5639.5,1,5544.5,4746,1.71,6985.5,2.52,-64.5,-0.02,177402.5,1774.03
390,Entry long,2024-03-14,LongDip,5544.5,1,5544.5,4746,1.71,6985.5,2.52,-64.5,-0.02,177402.5,1774.03
391,Exit long,2024-04-09,Close entry(s) order LongDip,5569,1,5622.25,-2666.5,-0.95,2385.5,0.85,-4214.5,-1.50,174736,1747.36
391,Entry long,2024-04-01,LongDip,5622.25,1,5622.25,-2666.5,-0.95,2385.5,0.85,-4214.5,-1.50,174736,1747.36
392,Exit long,2024-04-16,Close entry(s) order LongDip,5423.5,1,5529.25,-5291.5,-1.91,2273,0.82,-6039.5,-2.18,169444.5,1694.45
392,Entry long,2024-04-11,LongDip,5529.25,1,5529.25,-5291.5,-1.91,2273,0.82,-6039.5,-2.18,169444.5,1694.45
393,Exit long,2024-04-28,Close entry(s) order LongDip,5508.25,1,5365.5,7133.5,2.66,7510.5,2.80,-14.5,-0.01,176578,1765.78
393,Entry long,2024-04-18,LongDip,5365.5,1,5365.5,7133.5,2.66,7510.5,2.80,-14.5,-0.01,176578,1765.78
394,Exit long,2024-05-07,Close entry(s) order LongDip,5574,1,5428.75,7258.5,2.67,7973,2.94,-1552,-0.57,183836.5,1838.37
394,Entry long,2024-04-29,LongDip,5428.75,1,5428.75,7258.5,2.67,7973,2.94,-1552,-0.57,183836.5,1838.37
395,Exit long,2024-06-02,Close entry(s) order LongDip,5658.5,1,5647,571,0.20,2673,0.95,-4002,-1.42,184407.5,1844.08
395,Entry long,2024-05-22,LongDip,5647,1,5647,571,0.20,2673,0.95,-4002,-1.42,184407.5,1844.08
396,Exit long,2024-07-08,Close entry(s) order LongDip,5927.75,1,5818.5,5458.5,1.88,6198,2.13,-952,-0.33,189866,1898.66
396,Entry long,2024-06-27,LongDip,5818.5,1,5818.5,5458.5,1.88,6198,2.13,-952,-0.33,189866,1898.66
397,Exit long,2024-07-18,Close entry(s) order LongDip,5850.25,1,5936.75,-4329,-1.46,4060.5,1.37,-4902,-1.65,185537,1855.37
397,Entry long,2024-07-10,LongDip,5936.75,1,5936.75,-4329,-1.46,4060.5,1.37,-4902,-1.65,185537,1855.37
398,Exit long,2024-07-31,Close entry(s) order LongDip,5776.75,1,5769,383.5,0.13,6423,2.23,-1989.5,-0.69,185920.5,1859.21
398,Entry long,2024-07-23,LongDip,5769,1,5769,383.5,0.13,6423,2.23,-1989.5,-0.69,185920.5,1859.21
399,Exit long,2024-08-04,Close entry(s) order LongDip,5514,1,5673,-7954,-2.80,0,0.00,-12814.5,-4.52,177966.5,1779.67
399,Entry long,2024-08-01,LongDip,5673,1,5673,-7954,-2.80,0,0.00,-12814.5,-4.52,177966.5,1779.67
400,Exit long,2024-08-14,Close entry(s) order LongDip,5864,1,5524.5,16971,6.14,17198,6.23,-2289.5,-0.83,194937.5,1949.37
400,Entry long,2024-08-06,LongDip,5524.5,1,5524.5,16971,6.14,17198,6.23,-2289.5,-0.83,194937.5,1949.37
401,Exit long,2024-08-29,Close entry(s) order LongDip,5957.5,1,5891,3321,1.13,3735.5,1.27,-1652,-0.56,198258.5,1982.58
401,Entry long,2024-08-21,LongDip,5891,1,5891,3321,1.13,3735.5,1.27,-1652,-0.56,198258.5,1982.58
402,Exit long,2024-09-10,Close entry(s) order LongDip,5857.75,1,5838.75,946,0.32,1273,0.44,-7402,-2.54,199204.5,1992.04
402,Entry long,2024-09-01,LongDip,5838.75,1,5838.75,946,0.32,1273,0.44,-7402,-2.54,199204.5,1992.04
403,Exit long,2024-10-08,Close entry(s) order LongDip,6076.5,1,5995.5,4046,1.35,4323,1.44,-1802,-0.60,203250.5,2032.51
403,Entry long,2024-09-30,LongDip,5995.5,1,5995.5,4046,1.35,4323,1.44,-1802,-0.60,203250.5,2032.51
404,Exit long,2024-10-22,Close entry(s) order LongDip,6073,1,6098.5,-1279,-0.42,3210.5,1.05,-3102,-1.02,201971.5,2019.72
404,Entry long,2024-10-14,LongDip,6098.5,1,6098.5,-1279,-0.42,3210.5,1.05,-3102,-1.02,201971.5,2019.72
405,Exit long,2024-11-07,Close entry(s) order LongDip,6260.5,1,5974.25,14308.5,4.79,15085.5,5.05,-727,-0.24,216280,2162.80
405,Entry long,2024-10-30,LongDip,5974.25,1,5974.25,14308.5,4.79,15085.5,5.05,-727,-0.24,216280,2162.80
406,Exit long,2024-11-21,Close entry(s) order LongDip,6222.25,1,6214,408.5,0.13,748,0.24,-6177,-1.99,216688.5,2166.88
406,Entry long,2024-11-13,LongDip,6214,1,6214,408.5,0.13,748,0.24,-6177,-1.99,216688.5,2166.88
407,Exit long,2024-12-16,Close entry(s) order LongDip,6289,1,6301.5,-629,-0.20,1823,0.58,-1314.5,-0.42,216059.5,2160.59
407,Entry long,2024-12-08,LongDip,6301.5,1,6301.5,-629,-0.20,1823,0.58,-1314.5,-0.42,216059.5,2160.59
408,Exit long,2024-12-26,Close entry(s) order LongDip,6188.75,1,6102.5,4308.5,1.41,8348,2.74,-3727,-1.22,220368,2203.68
408,Entry long,2024-12-17,LongDip,6102.5,1,6102.5,4308.5,1.41,8348,2.74,-3727,-1.22,220368,2203.68
409,Exit long,2025-01-07,Close entry(s) order LongDip,6121,1,6121,-4,0.00,5460.5,1.78,-4214.5,-1.38,220364,2203.64
409,Entry long,2024-12-29,LongDip,6121,1,6121,-4,0.00,5460.5,1.78,-4214.5,-1.38,220364,2203.64
410,Exit long,2025-01-19,Close entry(s) order LongDip,6246,1,6028.5,10871,3.61,11335.5,3.76,-2877,-0.95,231235,2312.35
410,Entry long,2025-01-09,LongDip,6028.5,1,6028.5,10871,3.61,11335.5,3.76,-2877,-0.95,231235,2312.35
411,Exit long,2025-02-03,Close entry(s) order LongDip,6224.75,1,6209,783.5,0.25,5035.5,1.62,-5577,-1.80,232018.5,2320.19
411,Entry long,2025-01-26,LongDip,6209,1,6209,783.5,0.25,5035.5,1.62,-5577,-1.80,232018.5,2320.19
412,Exit long,2025-02-16,Close entry(s) order LongDip,6308.5,1,6211.75,4833.5,1.56,5398,1.74,-1789.5,-0.58,236852,2368.52
412,Entry long,2025-02-06,LongDip,6211.75,1,6211.75,4833.5,1.56,5398,1.74,-1789.5,-0.58,236852,2368.52
413,Exit long,2025-02-23,Close entry(s) order LongDip,6162.5,1,6298.75,-6816.5,-2.16,285.5,0.09,-7114.5,-2.26,230035.5,2300.36
413,Entry long,2025-02-19,LongDip,6298.75,1,6298.75,-6816.5,-2.16,285.5,0.09,-7114.5,-2.26,230035.5,2300.36
414,Exit long,2025-03-03,Close entry(s) order LongDip,5951.25,1,6132.25,-9054,-2.95,2673,0.87,-11314.5,-3.69,220981.5,2209.82
414,Entry long,2025-02-24,LongDip,6132.25,1,6132.25,-9054,-2.95,2673,0.87,-11314.5,-3.69,220981.5,2209.82
415,Exit long,2025-06-23,Close entry(s) order LongDip,6203.75,1,6089.5,5708.5,1.87,6173,2.03,-3639.5,-1.20,226690,2266.90
415,Entry long,2025-06-12,LongDip,6089.5,1,6089.5,5708.5,1.87,6173,2.03,-3639.5,-1.20,226690,2266.90
416,Exit long,2025-07-14,Close entry(s) order LongDip,6341.5,1,6334,371,0.12,3335.5,1.05,-1089.5,-0.34,227061,2270.61
416,Entry long,2025-07-03,LongDip,6334,1,6334,371,0.12,3335.5,1.05,-1089.5,-0.34,227061,2270.61
417,Exit long,2025-08-10,Close entry(s) order LongDip,6457.25,1,6322.5,6733.5,2.13,8335.5,2.64,-677,-0.21,233794.5,2337.94
417,Entry long,2025-07-31,LongDip,6322.5,1,6322.5,6733.5,2.13,8335.5,2.64,-677,-0.21,233794.5,2337.94
418,Exit long,2025-08-26,Close entry(s) order LongDip,6553.5,1,6490.5,3146,0.97,3635.5,1.12,-3502,-1.08,236940.5,2369.41
418,Entry long,2025-08-18,LongDip,6490.5,1,6490.5,3146,0.97,3635.5,1.12,-3502,-1.08,236940.5,2369.41
419,Exit long,2025-09-08,Close entry(s) order LongDip,6579.25,1,6530.75,2421,0.74,3435.5,1.05,-5064.5,-1.55,239361.5,2393.62
419,Entry long,2025-08-28,LongDip,6530.75,1,6530.75,2421,0.74,3435.5,1.05,-5064.5,-1.55,239361.5,2393.62
420,Exit long,2025-09-30,Close entry(s) order LongDip,6761.25,1,6715.25,2296,0.68,2710.5,0.81,-4552,-1.36,241657.5,2416.57
420,Entry long,2025-09-22,LongDip,6715.25,1,6715.25,2296,0.68,2710.5,0.81,-4552,-1.36,241657.5,2416.57
421,Exit long,2025-10-09,Close entry(s) order LongDip,6595,1,6761.75,-8341.5,-2.47,2523,0.75,-11077,-3.28,233316,2333.16
421,Entry long,2025-10-06,LongDip,6761.75,1,6761.75,-8341.5,-2.47,2523,0.75,-11077,-3.28,233316,2333.16